Event,Hit,BarID.0,t0,x0,y0,z0,q0,BarID.1,t1,x1,y1,z1,q1,signal,target
2,0,70,4.940e+01,1.696e-01,-1.767e-01,5.957e+00,4.213e+01,261,7.386e+01,2.467e-01,-1.906e-01,8.939e+00,5.406e+01,1,0
4,0,136,5.651e+01,-8.884e-03,2.833e-02,6.773e+00,1.180e+01,257,9.571e+01,-9.194e-01,-5.884e-01,1.143e+01,4.125e+01,1,0
8,0,265,6.314e+01,-1.011e-01,1.171e-01,8.122e+00,3.306e+01,265,6.433e+01,-2.762e-01,1.171e-01,8.226e+00,5.242e+01,1,0
17,0,71,5.005e+01,7.400e-02,-7.421e-02,5.957e+00,1.447e+01,119,5.812e+01,2.077e-01,-7.421e-02,6.669e+00,1.045e+01,1,0
19,0,72,4.672e+01,-2.154e-02,2.833e-02,5.957e+00,5.565e+01,265,6.796e+01,-1.532e-01,1.171e-01,8.226e+00,4.873e+00,1,0
29,0,261,8.304e+01,-5.105e-01,-2.808e-01,1.051e+01,2.214e+01,264,9.378e+01,-1.726e-01,2.686e-02,1.099e+01,1.224e+00,1,0
30,0,71,4.782e+01,-7.812e-04,-7.421e-02,5.957e+00,4.295e+01,87,4.917e+01,-7.098e-02,-7.421e-02,6.061e+00,3.141e+01,1,0
35,0,264,6.479e+01,-3.016e-02,1.452e-02,8.122e+00,4.595e+01,264,8.552e+01,-1.461e-02,2.686e-02,1.061e+01,5.625e+00,1,0
36,0,87,4.928e+01,-3.448e-02,-7.421e-02,6.061e+00,9.143e+00,103,4.977e+01,-3.579e-02,-7.421e-02,6.165e+00,4.959e+01,0,0
38,0,136,5.398e+01,5.766e-03,2.833e-02,6.773e+00,5.609e+01,268,6.588e+01,9.496e-02,4.247e-01,8.226e+00,3.725e+01,1,0
45,0,88,4.677e+01,-6.277e-03,2.833e-02,6.061e+00,1.952e+01,261,9.090e+01,-9.264e-01,-2.808e-01,1.143e+01,3.240e+01,1,0
55,0,137,5.227e+01,8.885e-04,1.309e-01,6.773e+00,6.032e+01,266,6.897e+01,1.009e-01,2.196e-01,8.835e+00,2.622e+01,1,0
56,0,136,5.494e+01,-2.365e-01,2.833e-02,6.773e+00,3.229e+00,134,5.536e+01,-4.664e-01,-1.767e-01,6.773e+00,4.313e+01,1,0
58,0,263,6.362e+01,-2.045e-02,-8.802e-02,8.122e+00,1.128e+01,263,7.128e+01,-4.121e-01,-8.802e-02,8.939e+00,2.375e+01,0,0
63,0,59,5.332e+01,1.567e-01,3.359e-01,6.773e+00,2.895e+00,266,8.606e+01,7.071e-02,2.319e-01,1.099e+01,3.538e+01,1,0
64,0,102,5.021e+01,-9.797e-02,-1.767e-01,6.165e+00,3.494e+01,44,5.372e+01,7.011e-01,4.385e-01,6.669e+00,3.779e+00,1,0
66,0,263,6.945e+01,1.360e-01,-8.802e-02,8.835e+00,1.638e+01,264,7.028e+01,1.692e-01,1.452e-02,8.835e+00,4.588e+01,1,0
67,0,135,5.232e+01,1.064e-01,-7.421e-02,6.773e+00,4.632e+01,271,6.983e+01,7.019e-01,7.323e-01,8.835e+00,3.295e+01,1,0
68,0,88,4.721e+01,8.595e-02,2.833e-02,6.061e+00,6.020e+01,268,6.356e+01,-2.881e-01,4.247e-01,8.122e+00,5.655e+01,1,0
69,0,119,5.136e+01,2.485e-01,-7.421e-02,6.669e+00,2.249e+01,120,5.153e+01,2.595e-01,2.833e-02,6.669e+00,1.212e+01,0,0
70,0,87,4.770e+01,-9.548e-02,-7.421e-02,6.061e+00,4.452e+01,119,5.242e+01,-3.772e-02,-7.421e-02,6.669e+00,5.758e+01,1,0
72,0,261,6.519e+01,3.512e-03,-1.906e-01,8.226e+00,3.552e+01,267,8.733e+01,7.710e-01,3.345e-01,1.061e+01,3.763e+00,1,0
75,0,260,6.793e+01,-8.523e-02,-2.931e-01,8.835e+00,4.946e+00,261,6.855e+01,-8.535e-02,-1.906e-01,8.835e+00,5.381e+01,0,0
79,0,263,8.929e+01,3.589e-02,-7.568e-02,1.143e+01,4.759e+01,265,9.475e+01,-1.983e-01,1.294e-01,1.163e+01,1.011e+01,0,0
88,0,270,8.633e+01,-2.340e-01,6.421e-01,1.099e+01,3.247e+01,270,9.811e+01,-3.760e-01,6.421e-01,1.051e+01,2.771e+00,0,0
93,0,43,5.371e+01,-1.616e-01,3.360e-01,6.669e+00,4.547e+01,266,7.126e+01,-2.086e-01,2.196e-01,8.835e+00,7.431e+00,1,0
96,0,104,4.708e+01,3.509e-02,2.833e-02,6.165e+00,2.367e+01,263,6.371e+01,1.437e-02,-8.802e-02,8.122e+00,2.993e+01,1,0
98,0,137,5.349e+01,3.722e-01,1.309e-01,6.773e+00,3.154e+01,121,5.419e+01,3.812e-01,1.309e-01,6.669e+00,4.609e+00,0,0
99,0,72,4.638e+01,-7.308e-02,2.833e-02,5.957e+00,6.208e+01,120,5.199e+01,1.798e-02,2.833e-02,6.669e+00,6.082e+01,1,0
105,0,103,4.846e+01,1.915e-01,-7.421e-02,6.165e+00,6.452e+01,104,4.862e+01,1.134e-01,2.833e-02,6.165e+00,4.520e+01,1,0
111,0,70,5.500e+01,6.316e-01,-1.768e-01,5.957e+00,4.717e+01,257,8.470e+01,-9.454e-02,-5.884e-01,1.041e+01,1.939e+01,1,0
113,0,72,4.549e+01,1.799e-01,2.833e-02,5.957e+00,4.926e+01,264,6.241e+01,2.226e-01,1.452e-02,8.226e+00,3.439e+01,1,0
114,0,104,4.966e+01,7.137e-02,2.833e-02,6.165e+00,6.048e+01,135,5.569e+01,-6.068e-03,-7.421e-02,6.773e+00,1.669e+01,1,0
119,0,102,4.687e+01,3.246e-02,-1.768e-01,6.165e+00,1.689e+01,103,4.706e+01,3.893e-02,-7.421e-02,6.165e+00,2.419e+01,0,0
122,0,105,4.802e+01,4.304e-02,1.309e-01,6.165e+00,5.011e+01,108,5.295e+01,4.533e-02,4.385e-01,6.165e+00,3.401e+00,0,0
125,0,264,6.223e+01,4.493e-02,1.452e-02,8.122e+00,6.759e+01,259,6.955e+01,-1.942e-01,-3.956e-01,8.939e+00,4.947e+01,1,0
129,0,88,4.647e+01,-2.148e-02,2.833e-02,6.061e+00,2.207e+01,120,5.144e+01,-8.182e-02,2.833e-02,6.669e+00,4.278e+01,1,0
130,0,261,8.306e+01,-3.451e-01,-2.808e-01,1.041e+01,2.522e+01,266,8.856e+01,-6.394e-02,2.319e-01,1.051e+01,1.800e+01,1,0
131,0,110,5.877e+01,-9.224e-01,6.436e-01,6.165e+00,4.527e+01,266,8.490e+01,9.169e-02,2.319e-01,1.051e+01,4.386e+01,1,0
137,0,104,4.818e+01,3.380e-02,2.833e-02,6.165e+00,4.257e+01,264,6.292e+01,-9.326e-02,1.452e-02,8.122e+00,6.307e+01,1,0
142,0,265,7.048e+01,-1.035e-01,1.171e-01,8.939e+00,2.907e+01,263,8.599e+01,-4.670e-01,-7.568e-02,1.041e+01,3.799e+01,0,0
143,0,264,6.420e+01,-5.638e-02,1.452e-02,8.122e+00,2.229e+01,269,7.310e+01,-2.769e-01,5.272e-01,8.939e+00,2.502e+01,0,0
147,0,103,4.768e+01,-1.618e-02,-7.421e-02,6.165e+00,3.494e+01,119,5.257e+01,8.597e-02,-7.421e-02,6.669e+00,1.324e+01,1,0
149,0,71,4.645e+01,5.175e-02,-7.421e-02,5.957e+00,2.289e+00,120,5.149e+01,-1.145e-02,2.833e-02,6.669e+00,3.748e+01,1,0
153,0,268,8.662e+01,-5.113e-01,4.370e-01,1.051e+01,3.271e+01,269,9.603e+01,-6.946e-01,5.396e-01,1.109e+01,3.739e+00,0,0
157,0,87,4.621e+01,5.595e-02,-7.421e-02,6.061e+00,7.249e+01,256,1.105e+02,-4.199e-02,-8.058e-01,8.939e+00,1.856e+00,1,0
159,0,73,4.781e+01,-3.665e-02,1.309e-01,5.957e+00,2.685e+01,74,4.905e+01,-9.594e-02,2.334e-01,5.957e+00,6.085e+00,0,0
160,0,87,4.527e+01,5.179e-02,-7.421e-02,6.061e+00,6.780e+00,118,5.097e+01,-1.312e-01,-1.768e-01,6.669e+00,9.264e+00,0,0
164,0,86,4.698e+01,-4.238e-02,-1.767e-01,6.061e+00,8.165e+01,87,4.700e+01,4.444e-02,-7.421e-02,6.061e+00,4.092e+01,1,0
167,0,88,4.671e+01,6.524e-02,2.833e-02,6.061e+00,2.920e+01,119,5.124e+01,1.262e-01,-7.421e-02,6.669e+00,5.768e+01,1,0
168,0,135,5.168e+01,3.748e-02,-7.421e-02,6.773e+00,4.545e+01,256,1.162e+02,7.676e-01,-6.909e-01,1.041e+01,1.334e+00,0,0
169,0,104,4.910e+01,3.965e-02,2.833e-02,6.165e+00,4.283e+01,263,9.191e+01,3.829e-01,-7.568e-02,1.143e+01,5.801e+01,1,0
175,0,89,4.607e+01,-1.038e-01,1.309e-01,6.061e+00,3.946e+01,73,4.620e+01,-1.122e-01,1.309e-01,5.957e+00,1.367e+01,0,0
176,0,264,7.214e+01,-1.592e-01,1.452e-02,8.835e+00,6.852e+01,264,8.623e+01,2.479e-01,2.686e-02,1.061e+01,3.254e+00,1,0
182,0,88,5.085e+01,2.224e-02,2.833e-02,6.061e+00,3.794e+01,269,9.644e+01,-2.822e-01,5.396e-01,1.143e+01,1.562e+00,1,0
187,0,71,4.746e+01,-8.329e-03,-7.421e-02,5.957e+00,4.735e+01,264,6.551e+01,4.674e-02,1.452e-02,8.226e+00,5.432e+01,1,0
188,0,70,4.840e+01,1.012e-01,-1.768e-01,5.957e+00,3.880e+01,118,5.497e+01,1.484e-02,-1.768e-01,6.669e+00,5.230e+01,1,0
189,0,71,4.755e+01,4.255e-02,-7.421e-02,5.957e+00,5.490e+01,104,4.922e+01,4.033e-02,2.833e-02,6.165e+00,4.410e+01,1,0
190,0,88,4.759e+01,-9.967e-02,2.833e-02,6.061e+00,1.553e+01,264,8.040e+01,-2.257e-01,2.686e-02,1.041e+01,6.195e+01,1,0
192,0,71,4.598e+01,-2.686e-02,-7.421e-02,5.957e+00,6.403e+00,267,6.309e+01,-1.087e-01,3.221e-01,8.122e+00,5.678e+00,1,0
197,0,72,4.593e+01,2.560e-04,2.833e-02,5.957e+00,4.601e+01,266,8.579e+01,2.498e-02,2.319e-01,1.099e+01,6.058e+01,1,0
198,0,71,4.714e+01,2.264e-02,-7.421e-02,5.957e+00,4.581e+01,104,4.813e+01,-5.270e-03,2.833e-02,6.165e+00,4.237e+01,1,0
199,0,71,4.800e+01,1.451e-01,-7.421e-02,5.957e+00,2.762e+01,261,7.060e+01,8.832e-02,-1.906e-01,8.835e+00,4.951e+01,1,0
201,0,103,4.748e+01,1.102e-01,-7.421e-02,6.165e+00,5.530e+00,103,4.854e+01,5.615e-02,-7.421e-02,6.165e+00,4.851e+01,1,0
203,0,102,4.847e+01,9.855e-02,-1.768e-01,6.165e+00,9.500e+00,263,8.620e+01,1.801e-01,-7.568e-02,1.099e+01,7.690e+01,1,0
204,0,72,4.538e+01,-1.409e-01,2.833e-02,5.957e+00,1.553e+01,264,6.408e+01,-1.445e-01,1.452e-02,8.122e+00,1.252e+00,1,0
211,0,72,4.809e+01,-4.212e-02,2.833e-02,5.957e+00,5.174e+01,262,9.100e+01,1.949e-01,-1.782e-01,1.109e+01,4.568e+01,1,0
214,0,70,4.796e+01,-1.042e-01,-1.768e-01,5.957e+00,7.298e+01,70,4.840e+01,-6.601e-02,-1.768e-01,5.957e+00,9.155e+00,1,0
218,0,121,5.564e+01,-4.206e-02,1.309e-01,6.669e+00,3.541e+01,267,9.941e+01,-1.448e-01,3.345e-01,1.163e+01,2.582e+01,1,0
219,0,117,6.224e+01,-2.613e-01,-2.793e-01,6.669e+00,2.075e+00,261,6.881e+01,1.375e-02,-1.906e-01,8.835e+00,2.476e+01,1,0
221,0,105,4.700e+01,-1.691e-03,1.309e-01,6.165e+00,8.263e+01,256,9.051e+01,-9.323e-02,-6.909e-01,1.153e+01,2.397e+01,1,0
226,0,71,4.789e+01,-2.808e-02,-7.421e-02,5.957e+00,3.671e+00,263,7.076e+01,-1.303e-01,-8.802e-02,8.835e+00,4.398e+01,1,0
228,0,264,6.381e+01,-1.247e-01,1.452e-02,8.122e+00,3.951e+01,264,6.458e+01,-1.706e-01,1.452e-02,8.226e+00,2.899e+00,0,0
229,0,88,4.633e+01,-4.882e-03,2.833e-02,6.061e+00,2.019e+01,102,5.066e+01,3.483e-01,-1.767e-01,6.165e+00,1.174e+01,1,0
231,0,120,5.388e+01,-7.432e-02,2.833e-02,6.669e+00,6.625e+01,263,6.486e+01,-8.246e-02,-8.802e-02,8.122e+00,2.246e+01,1,0
232,0,71,4.577e+01,-5.231e-02,-7.421e-02,5.957e+00,2.974e+00,103,4.915e+01,-2.460e-02,-7.421e-02,6.165e+00,1.278e+00,0,0
236,0,104,4.831e+01,-2.000e-01,2.833e-02,6.165e+00,3.333e+01,263,7.210e+01,-3.057e-01,-8.802e-02,8.835e+00,2.978e+00,1,0
242,0,121,5.845e+01,7.933e-01,1.309e-01,6.669e+00,1.025e+01,267,6.383e+01,-7.263e-01,3.221e-01,8.226e+00,1.354e+01,1,0
247,0,72,4.807e+01,5.473e-02,2.833e-02,5.957e+00,5.815e+01,104,4.988e+01,3.801e-02,2.833e-02,6.165e+00,5.669e+01,1,0
248,0,87,4.647e+01,-2.776e-02,-7.421e-02,6.061e+00,6.041e+01,265,7.595e+01,-3.642e-01,1.171e-01,8.226e+00,2.103e+01,1,0
253,0,70,4.852e+01,2.616e-02,-1.767e-01,5.957e+00,1.060e+01,71,4.921e+01,5.787e-02,-7.421e-02,5.957e+00,4.196e+00,0,0
258,0,88,4.876e+01,-6.083e-02,2.833e-02,6.061e+00,4.700e+01,103,5.320e+01,-1.346e-01,-7.421e-02,6.165e+00,1.965e+00,0,0
259,0,87,4.795e+01,4.601e-03,-7.421e-02,6.061e+00,7.369e+01,136,5.388e+01,1.251e-01,2.833e-02,6.773e+00,6.372e+01,1,0
260,0,72,4.555e+01,1.622e-02,2.833e-02,5.957e+00,3.266e+00,119,5.107e+01,4.727e-02,-7.421e-02,6.669e+00,6.285e+01,1,0
270,0,72,4.648e+01,-2.753e-02,2.833e-02,5.957e+00,1.785e+01,71,5.143e+01,2.990e-01,-7.421e-02,5.957e+00,1.110e+00,0,0
271,0,106,5.195e+01,1.423e-01,2.334e-01,6.165e+00,3.461e+01,263,7.182e+01,8.861e-02,-8.802e-02,8.939e+00,7.276e+01,1,0
275,0,137,5.498e+01,-1.926e-02,1.309e-01,6.773e+00,8.078e+00,266,8.666e+01,7.591e-01,2.319e-01,1.061e+01,3.955e+01,1,0
278,0,115,5.860e+01,-3.304e-01,-4.844e-01,6.669e+00,1.654e+01,256,8.972e+01,9.413e-01,-6.909e-01,1.109e+01,5.246e+00,1,0
279,0,71,4.720e+01,9.351e-02,-7.421e-02,5.957e+00,3.258e+01,87,4.819e+01,9.836e-02,-7.421e-02,6.061e+00,3.943e+01,0,0
283,0,73,4.649e+01,-2.972e-02,1.309e-01,5.957e+00,5.916e+01,105,4.772e+01,5.745e-03,1.309e-01,6.165e+00,5.874e+01,1,0
285,0,88,4.890e+01,3.504e-02,2.833e-02,6.061e+00,1.494e+01,89,4.895e+01,5.442e-02,1.309e-01,6.061e+00,2.551e+01,0,0
292,0,73,4.829e+01,2.428e-02,1.309e-01,5.957e+00,8.317e+00,72,4.870e+01,2.345e-02,2.833e-02,5.957e+00,2.699e+01,0,0
293,0,103,4.921e+01,-1.042e-01,-7.421e-02,6.165e+00,1.264e+01,264,6.927e+01,-3.276e-02,1.452e-02,8.226e+00,1.231e+00,1,0
294,0,73,4.919e+01,-3.964e-02,1.309e-01,5.957e+00,2.763e+01,259,6.968e+01,-4.400e-01,-3.956e-01,8.122e+00,1.781e+01,1,0
295,0,103,4.817e+01,5.791e-02,-7.421e-02,6.165e+00,2.853e+01,117,5.284e+01,1.579e-01,-2.793e-01,6.669e+00,3.815e+01,0,0
297,0,71,4.596e+01,1.015e-01,-7.421e-02,5.957e+00,3.571e+01,88,4.727e+01,9.107e-02,2.833e-02,6.061e+00,1.133e+00,0,0
300,0,264,7.027e+01,2.962e-02,1.452e-02,8.939e+00,4.562e+01,270,9.110e+01,-6.894e-01,6.421e-01,1.153e+01,5.977e+01,1,0
301,0,73,4.490e+01,6.017e-02,1.309e-01,5.957e+00,4.141e+01,105,4.634e+01,3.793e-02,1.309e-01,6.165e+00,7.559e+01,1,0
303,0,88,4.683e+01,5.207e-03,2.833e-02,6.061e+00,2.835e+01,89,4.704e+01,-1.182e-02,1.309e-01,6.061e+00,3.338e+01,0,0
305,0,263,6.377e+01,6.938e-03,-8.802e-02,8.122e+00,7.198e+01,264,6.975e+01,-3.950e-03,1.452e-02,8.835e+00,5.187e+01,1,0
306,0,88,4.801e+01,8.693e-02,2.833e-02,6.061e+00,3.124e+00,265,7.258e+01,-1.964e-01,1.171e-01,8.939e+00,4.418e+01,1,0
310,0,119,5.224e+01,6.068e-02,-7.421e-02,6.669e+00,2.536e+01,88,6.792e+01,6.518e-01,2.833e-02,6.061e+00,5.643e+00,1,0
311,0,72,4.984e+01,3.379e-02,2.833e-02,5.957e+00,3.914e+01,104,5.140e+01,9.978e-02,2.833e-02,6.165e+00,4.920e+01,1,0
318,0,88,4.707e+01,4.388e-02,2.833e-02,6.061e+00,4.936e+01,265,8.899e+01,2.303e-01,1.294e-01,1.163e+01,6.540e+01,1,0
322,0,260,6.513e+01,-2.505e-01,-2.931e-01,8.122e+00,1.706e+01,259,6.527e+01,-2.606e-01,-3.956e-01,8.122e+00,2.014e+01,0,0
337,0,89,4.833e+01,1.332e-01,1.309e-01,6.061e+00,3.002e+00,257,8.576e+01,7.641e-01,-5.884e-01,1.061e+01,1.160e+01,1,0
340,0,121,5.138e+01,-5.754e-02,1.309e-01,6.669e+00,5.924e+01,265,6.266e+01,4.021e-02,1.171e-01,8.122e+00,1.085e+01,1,0
342,0,88,4.855e+01,7.575e-02,2.833e-02,6.061e+00,4.151e+01,268,9.352e+01,1.060e-01,4.370e-01,1.163e+01,2.766e+00,1,0
343,0,71,4.696e+01,-1.292e-01,-7.421e-02,5.957e+00,6.080e+01,103,4.837e+01,-1.546e-01,-7.421e-02,6.165e+00,5.638e+01,1,0
345,0,257,8.850e+01,2.818e-01,-5.884e-01,1.109e+01,6.740e+00,257,8.870e+01,2.736e-01,-5.884e-01,1.099e+01,3.811e+01,0,0
352,0,72,4.776e+01,1.482e-02,2.833e-02,5.957e+00,3.546e+01,88,5.305e+01,-1.367e-01,2.833e-02,6.061e+00,2.059e+00,0,0
353,0,72,4.920e+01,-2.776e-02,2.833e-02,5.957e+00,3.824e+01,263,7.379e+01,-3.228e-02,-8.802e-02,8.939e+00,4.288e+01,1,0
354,0,121,5.277e+01,2.222e-02,1.309e-01,6.669e+00,2.897e+01,120,5.285e+01,2.444e-02,2.833e-02,6.669e+00,2.987e+01,0,0
355,0,266,7.380e+01,-1.245e-01,2.196e-01,8.835e+00,2.520e+01,267,7.710e+01,-2.007e-01,3.221e-01,8.835e+00,5.915e+00,0,0
367,0,117,5.196e+01,-7.083e-02,-2.793e-01,6.669e+00,5.699e+01,98,7.502e+01,5.566e-01,-5.869e-01,6.165e+00,2.817e+00,0,0
369,0,87,4.804e+01,1.128e-01,-7.421e-02,6.061e+00,4.136e+01,43,7.042e+01,-3.634e-01,3.360e-01,6.669e+00,2.467e+00,0,0
370,0,46,5.329e+01,-2.688e-01,6.436e-01,6.669e+00,1.970e+01,120,5.356e+01,4.451e-02,2.833e-02,6.669e+00,1.952e+01,1,0
375,0,138,5.342e+01,2.145e-01,2.334e-01,6.773e+00,2.644e+01,266,6.556e+01,3.036e-01,2.196e-01,8.122e+00,4.792e+01,0,0
376,0,136,5.188e+01,3.752e-02,2.833e-02,6.773e+00,6.420e+01,264,8.251e+01,5.875e-01,2.686e-02,1.061e+01,3.410e+00,1,0
377,0,263,6.549e+01,2.387e-01,-8.802e-02,8.226e+00,1.604e+01,264,6.607e+01,2.454e-01,1.452e-02,8.226e+00,3.845e+01,0,0
378,0,119,5.352e+01,-1.512e-01,-7.421e-02,6.669e+00,4.732e+01,263,9.228e+01,9.120e-01,-7.568e-02,1.109e+01,4.134e+00,1,0
392,0,269,6.479e+01,7.339e-01,5.272e-01,8.226e+00,4.320e+01,269,7.717e+01,-7.884e-02,5.272e-01,8.939e+00,3.208e+00,1,0
396,0,103,5.017e+01,-1.006e-01,-7.421e-02,6.165e+00,4.987e+01,133,5.547e+01,-3.590e-01,-2.793e-01,6.773e+00,1.350e+01,1,0
405,0,136,5.256e+01,4.949e-02,2.833e-02,6.773e+00,1.661e+01,266,6.487e+01,3.870e-01,2.196e-01,8.122e+00,5.138e+01,0,0
408,0,71,4.597e+01,-5.148e-02,-7.421e-02,5.957e+00,1.958e+01,262,8.631e+01,-1.165e-01,-1.782e-01,1.109e+01,1.063e+01,1,0
420,0,72,5.030e+01,2.693e-01,2.833e-02,5.957e+00,3.806e+01,266,8.850e+01,7.604e-01,2.319e-01,1.061e+01,4.237e+00,1,0
422,0,120,5.579e+01,2.777e-02,2.833e-02,6.669e+00,2.284e+01,136,5.622e+01,4.186e-02,2.833e-02,6.773e+00,2.162e+01,0,0
426,0,264,6.767e+01,-7.980e-02,1.452e-02,8.835e+00,6.051e+01,267,8.116e+01,6.101e-02,3.345e-01,1.051e+01,7.080e+01,1,0
427,0,88,4.978e+01,-4.866e-02,2.833e-02,6.061e+00,3.723e+01,103,5.040e+01,-3.091e-02,-7.421e-02,6.165e+00,8.269e+00,1,0
430,0,103,4.749e+01,-2.342e-02,-7.421e-02,6.165e+00,6.255e+01,135,5.155e+01,3.006e-02,-7.421e-02,6.773e+00,1.160e+01,1,0
431,0,120,5.132e+01,2.860e-02,2.833e-02,6.669e+00,5.536e+00,264,6.782e+01,1.372e-01,1.452e-02,8.835e+00,5.623e+01,1,0
434,0,104,5.049e+01,4.750e-03,2.833e-02,6.165e+00,4.398e+01,261,6.757e+01,-9.966e-02,-1.906e-01,8.122e+00,6.043e+01,1,0
437,0,263,6.105e+01,-8.136e-02,-8.802e-02,8.122e+00,6.387e+01,264,6.267e+01,-5.894e-01,1.452e-02,8.226e+00,6.031e+00,1,0
443,0,264,6.300e+01,4.289e-01,1.452e-02,8.122e+00,8.877e+00,265,8.256e+01,-1.897e-01,1.294e-01,1.061e+01,5.057e+01,1,0
449,0,73,4.610e+01,-5.893e-02,1.309e-01,5.957e+00,1.660e+01,120,5.179e+01,-5.874e-02,2.833e-02,6.669e+00,2.018e+01,1,0
451,0,72,4.668e+01,1.258e-01,2.833e-02,5.957e+00,4.486e+01,73,4.709e+01,1.417e-01,1.309e-01,5.957e+00,8.016e+00,0,0
457,0,120,5.191e+01,2.824e-02,2.833e-02,6.669e+00,1.736e+01,119,5.225e+01,4.023e-02,-7.421e-02,6.669e+00,3.359e+01,0,0
459,0,263,8.205e+01,-2.491e-01,-7.568e-02,1.051e+01,7.933e+00,264,8.205e+01,-2.520e-01,2.686e-02,1.051e+01,5.141e+01,0,0
463,0,261,8.006e+01,2.266e-01,-2.808e-01,1.041e+01,3.743e+01,261,8.058e+01,2.474e-01,-2.808e-01,1.051e+01,3.115e+01,0,0
469,0,87,4.781e+01,-1.395e-01,-7.421e-02,6.061e+00,1.242e+01,138,5.462e+01,-3.572e-01,2.334e-01,6.773e+00,3.992e+01,0,0
472,0,263,6.952e+01,1.412e-01,-8.802e-02,8.835e+00,2.635e+01,263,7.012e+01,1.391e-01,-8.802e-02,8.939e+00,3.100e+01,0,0
476,0,265,6.295e+01,-3.912e-03,1.171e-01,8.122e+00,3.937e+01,265,8.343e+01,-8.852e-01,1.294e-01,1.061e+01,1.911e+01,1,0
478,0,137,5.379e+01,-1.525e-02,1.309e-01,6.773e+00,2.255e+01,136,5.533e+01,-1.486e-01,2.833e-02,6.773e+00,1.576e+00,0,0
482,0,103,4.838e+01,1.383e-02,-7.421e-02,6.165e+00,4.678e+01,74,5.490e+01,1.794e-01,2.334e-01,5.957e+00,1.172e+00,0,0
485,0,136,5.367e+01,-1.248e-01,2.833e-02,6.773e+00,2.381e+00,260,9.159e+01,5.106e-01,-3.833e-01,1.143e+01,3.483e+01,1,0
494,0,264,6.279e+01,3.190e-02,1.452e-02,8.122e+00,4.929e+01,265,6.357e+01,4.633e-02,1.171e-01,8.122e+00,4.059e+00,0,0
498,0,104,4.913e+01,3.911e-02,2.833e-02,6.165e+00,1.034e+01,47,5.728e+01,-1.501e-01,7.461e-01,6.669e+00,2.914e+01,0,0
499,0,87,4.895e+01,-3.242e-02,-7.421e-02,6.061e+00,5.455e+01,104,5.022e+01,2.704e-02,2.833e-02,6.165e+00,5.877e+01,1,0
503,0,72,4.569e+01,1.186e-02,2.833e-02,5.957e+00,6.899e+00,89,4.682e+01,1.995e-02,1.309e-01,6.061e+00,5.458e+01,0,0
522,0,88,4.623e+01,-2.001e-02,2.833e-02,6.061e+00,3.872e+01,104,4.634e+01,-1.839e-02,2.833e-02,6.165e+00,4.612e+01,0,0
551,0,44,5.527e+01,-3.662e-01,4.385e-01,6.669e+00,3.770e+01,89,7.080e+01,-3.649e-01,1.309e-01,6.061e+00,1.427e+00,0,0
564,0,134,5.556e+01,-6.184e-02,-1.768e-01,6.773e+00,1.458e+01,268,8.834e+01,5.842e-01,4.247e-01,8.122e+00,1.772e+00,0,0
581,0,103,4.880e+01,1.319e-01,-7.421e-02,6.165e+00,3.637e+01,104,4.887e+01,1.307e-01,2.833e-02,6.165e+00,6.245e+00,0,0
582,0,86,5.235e+01,-7.316e-02,-1.768e-01,6.061e+00,3.684e+01,101,5.460e+01,-1.203e-02,-2.793e-01,6.165e+00,1.440e+01,0,0
585,0,263,6.676e+01,-5.732e-02,-8.802e-02,8.835e+00,4.577e+01,258,8.822e+01,2.606e-01,-4.982e-01,8.226e+00,1.786e+00,0,0
603,0,73,4.810e+01,-2.992e-02,1.309e-01,5.957e+00,2.529e+01,107,5.165e+01,-1.899e-01,3.360e-01,6.165e+00,2.023e+01,0,0
615,0,120,5.425e+01,-6.948e-03,2.833e-02,6.669e+00,2.366e+01,136,5.458e+01,-1.932e-02,2.833e-02,6.773e+00,4.250e+01,0,0
620,0,260,8.298e+01,-1.767e-01,-3.833e-01,1.041e+01,2.083e+01,261,8.334e+01,-1.689e-01,-2.808e-01,1.041e+01,1.400e+01,0,0
622,0,88,4.687e+01,6.872e-02,2.833e-02,6.061e+00,1.991e+01,89,4.731e+01,5.126e-02,1.309e-01,6.061e+00,3.073e+01,0,0
624,0,135,5.301e+01,-2.288e-02,-7.421e-02,6.773e+00,4.023e+01,136,5.464e+01,6.849e-03,2.833e-02,6.773e+00,3.971e+00,0,0
627,0,87,4.828e+01,-2.027e-01,-7.421e-02,6.061e+00,5.277e+00,88,4.829e+01,-2.161e-01,2.833e-02,6.061e+00,3.195e+01,0,0
663,0,118,5.348e+01,1.538e-01,-1.768e-01,6.669e+00,6.297e+01,119,5.559e+01,1.303e-01,-7.421e-02,6.669e+00,3.051e+00,0,0
669,0,263,6.408e+01,1.379e-01,-8.802e-02,8.226e+00,2.304e+01,265,7.217e+01,6.120e-01,1.171e-01,8.939e+00,3.282e+01,0,0
693,0,88,4.777e+01,-1.994e-01,2.833e-02,6.061e+00,1.869e+01,84,5.033e+01,1.748e-01,-3.818e-01,6.061e+00,1.741e+00,0,0
697,0,264,6.710e+01,-3.201e-02,1.452e-02,8.122e+00,1.607e+00,265,7.353e+01,-1.345e-01,1.171e-01,8.835e+00,1.732e+01,0,0
711,0,264,6.143e+01,2.004e-03,1.452e-02,8.122e+00,4.135e+01,267,7.091e+01,3.877e-01,3.221e-01,8.226e+00,7.199e+00,0,0
713,0,120,5.009e+01,1.778e-01,2.833e-02,6.669e+00,1.928e+01,119,5.026e+01,1.697e-01,-7.421e-02,6.669e+00,3.811e+01,0,0
721,0,271,9.759e+01,7.540e-01,7.446e-01,1.153e+01,2.253e+00,267,9.998e+01,7.726e-01,3.345e-01,1.109e+01,1.863e+01,0,0
724,0,135,5.244e+01,1.862e-02,-7.421e-02,6.773e+00,4.299e+01,267,8.467e+01,1.837e-01,3.221e-01,8.122e+00,2.028e+00,0,0
731,0,266,8.848e+01,-7.288e-01,2.319e-01,1.099e+01,1.517e+01,263,1.006e+02,-7.814e-01,-7.568e-02,1.041e+01,1.145e+00,0,0
738,0,264,6.310e+01,6.350e-02,1.452e-02,8.226e+00,5.754e+01,265,6.830e+01,-4.372e-02,1.171e-01,8.226e+00,1.328e+00,0,0
750,0,263,6.973e+01,1.983e-01,-8.802e-02,8.835e+00,3.439e+00,263,6.975e+01,2.069e-01,-8.802e-02,8.939e+00,2.876e+01,0,0
752,0,87,4.719e+01,-3.265e-02,-7.421e-02,6.061e+00,9.169e+00,103,4.762e+01,-2.721e-02,-7.421e-02,6.165e+00,6.825e+01,0,0
755,0,264,8.493e+01,-5.789e-02,2.686e-02,1.061e+01,4.304e+01,256,9.486e+01,2.441e-01,-6.909e-01,1.051e+01,1.501e+00,0,0
757,0,103,4.677e+01,1.632e-03,-7.421e-02,6.165e+00,3.175e+01,121,5.344e+01,2.210e-02,1.309e-01,6.669e+00,1.632e+01,0,0
764,0,103,5.159e+01,-1.750e-01,-7.421e-02,6.165e+00,3.159e+00,122,5.732e+01,-1.532e-01,2.334e-01,6.669e+00,3.708e+01,0,0
782,0,73,4.767e+01,-1.514e-01,1.309e-01,5.957e+00,3.313e+01,71,5.306e+01,-4.045e-01,-7.421e-02,5.957e+00,5.996e+00,0,0
793,0,71,4.766e+01,-5.316e-02,-7.421e-02,5.957e+00,4.001e+00,60,5.307e+01,2.083e-01,4.385e-01,6.773e+00,6.660e+01,0,0
794,0,71,4.611e+01,1.519e-01,-7.421e-02,5.957e+00,3.283e+01,87,4.657e+01,1.534e-01,-7.421e-02,6.061e+00,2.832e+01,0,0
799,0,256,8.743e+01,-4.095e-01,-7.935e-01,1.099e+01,6.459e+01,256,9.554e+01,1.424e-01,-6.909e-01,1.163e+01,3.465e+00,0,0
803,0,262,8.279e+01,-4.817e-01,-1.782e-01,1.051e+01,4.132e+00,261,8.282e+01,-4.892e-01,-2.808e-01,1.051e+01,5.581e+01,0,0
804,0,104,4.751e+01,7.275e-02,2.833e-02,6.165e+00,1.191e+00,114,5.866e+01,-1.135e-01,-5.869e-01,6.669e+00,1.953e+00,0,0
813,0,265,6.445e+01,3.131e-01,1.171e-01,8.226e+00,3.628e+01,266,6.446e+01,2.935e-01,2.196e-01,8.226e+00,1.483e+01,0,0
826,0,259,8.306e+01,-3.731e-01,-4.858e-01,1.051e+01,2.708e+01,260,8.359e+01,-3.713e-01,-3.833e-01,1.051e+01,1.211e+01,0,0
831,0,90,4.770e+01,-7.899e-02,2.334e-01,6.061e+00,2.112e+01,63,7.472e+01,7.827e-01,7.461e-01,6.773e+00,4.999e+00,0,0
833,0,71,4.661e+01,6.569e-03,-7.421e-02,5.957e+00,3.954e+01,70,4.892e+01,-1.966e-01,-1.768e-01,5.957e+00,3.479e+00,0,0
836,0,136,5.154e+01,9.283e-03,2.833e-02,6.773e+00,1.380e+01,261,6.361e+01,-3.675e-01,-1.906e-01,8.122e+00,5.828e+01,0,0
839,0,267,7.207e+01,4.099e-01,3.221e-01,8.835e+00,2.488e+01,268,7.288e+01,3.635e-01,4.247e-01,8.939e+00,7.923e+00,0,0
860,0,89,4.677e+01,6.530e-02,1.309e-01,6.061e+00,3.662e+01,105,4.827e+01,2.620e-02,1.309e-01,6.165e+00,1.010e+01,0,0
875,0,102,4.965e+01,-7.409e-02,-1.768e-01,6.165e+00,3.244e+00,122,5.776e+01,3.671e-01,2.334e-01,6.669e+00,2.633e+01,0,0
884,0,265,8.342e+01,-3.691e-02,1.294e-01,1.051e+01,2.375e+01,264,8.617e+01,8.590e-02,2.686e-02,1.041e+01,1.385e+01,0,0
906,0,71,4.787e+01,-1.172e-03,-7.421e-02,5.957e+00,3.143e+00,264,6.923e+01,7.068e-01,1.452e-02,8.226e+00,3.738e+01,0,0
916,0,103,5.014e+01,1.070e-01,-7.421e-02,6.165e+00,3.706e+01,87,5.015e+01,1.103e-01,-7.421e-02,6.061e+00,9.984e+00,0,0
926,0,256,8.293e+01,9.758e-01,-7.935e-01,1.061e+01,3.147e+01,256,8.311e+01,9.742e-01,-7.935e-01,1.051e+01,3.323e+01,0,0
946,0,87,4.876e+01,6.752e-02,-7.421e-02,6.061e+00,4.342e+01,103,5.193e+01,8.541e-02,-7.421e-02,6.165e+00,3.449e+00,0,0
958,0,119,5.162e+01,-1.656e-01,-7.421e-02,6.669e+00,2.882e+01,104,6.035e+01,-6.480e-01,2.833e-02,6.165e+00,1.412e+01,0,0
959,0,119,5.525e+01,4.427e-02,-7.421e-02,6.669e+00,1.056e+01,100,6.248e+01,-1.053e-01,-3.818e-01,6.165e+00,7.322e+00,0,0
961,0,104,4.766e+01,-5.241e-02,2.833e-02,6.165e+00,5.436e+00,119,5.104e+01,-3.794e-02,-7.421e-02,6.669e+00,7.519e+01,0,0
965,0,74,4.705e+01,5.948e-01,2.334e-01,5.957e+00,4.713e+00,11,4.722e+01,5.825e-01,3.360e-01,5.957e+00,3.983e+01,0,0
971,0,268,9.266e+01,2.683e-01,4.370e-01,1.109e+01,6.713e+00,270,9.915e+01,6.034e-01,6.421e-01,1.163e+01,4.867e+00,0,0
500006,0,121,5.628e+01,-1.313e-01,1.309e-01,6.669e+00,3.978e+01,265,6.876e+01,-4.250e-02,1.171e-01,8.122e+00,3.729e+01,1,1
500007,0,104,5.124e+01,1.847e-01,2.833e-02,6.165e+00,4.551e+01,264,7.266e+01,1.788e-01,1.452e-02,8.835e+00,5.351e+01,1,1
500009,0,88,5.254e+01,-2.332e-01,2.833e-02,6.061e+00,4.743e+01,267,7.624e+01,-6.075e-01,3.221e-01,8.835e+00,4.533e+01,1,1
500011,0,136,5.635e+01,-1.044e-02,2.833e-02,6.773e+00,2.262e+01,119,5.818e+01,1.047e-01,-7.421e-02,6.669e+00,2.556e+00,0,1
500012,0,88,5.240e+01,-5.967e-02,2.833e-02,6.061e+00,1.656e+01,104,5.283e+01,-6.533e-02,2.833e-02,6.165e+00,3.079e+01,0,1
500014,0,265,7.674e+01,-5.441e-01,1.171e-01,8.939e+00,4.922e+00,260,9.218e+01,-5.798e-01,-3.833e-01,1.061e+01,1.835e+01,0,1
500018,0,87,5.196e+01,2.568e-02,-7.421e-02,6.061e+00,4.713e+01,119,5.824e+01,-5.257e-03,-7.421e-02,6.669e+00,3.774e+01,1,1
500020,0,121,5.421e+01,-2.543e-01,1.309e-01,6.669e+00,1.432e+01,137,5.444e+01,-2.584e-01,1.309e-01,6.773e+00,4.523e+01,0,1
500021,0,265,8.859e+01,-5.024e-02,1.294e-01,1.041e+01,3.776e+01,259,9.844e+01,-5.900e-01,-4.858e-01,1.143e+01,4.134e+01,1,1
500022,0,136,5.829e+01,1.513e-01,2.833e-02,6.773e+00,4.319e+00,265,8.892e+01,2.225e-01,1.294e-01,1.061e+01,4.095e+01,1,1
500024,0,263,6.817e+01,-9.085e-02,-8.802e-02,8.122e+00,8.791e+00,263,6.843e+01,-8.946e-02,-8.802e-02,8.226e+00,4.532e+01,0,1
500026,0,260,7.019e+01,6.846e-01,-2.931e-01,8.226e+00,1.712e+01,264,7.963e+01,4.980e-01,1.452e-02,8.835e+00,1.289e+00,0,1
500029,0,106,4.950e+01,6.869e-03,2.334e-01,6.165e+00,1.681e+01,138,5.404e+01,9.353e-02,2.334e-01,6.773e+00,5.977e+01,1,1
500033,0,119,5.450e+01,5.661e-02,-7.421e-02,6.669e+00,2.046e+01,107,5.794e+01,8.976e-02,3.359e-01,6.165e+00,4.185e+00,0,1
500039,0,87,5.099e+01,1.187e-01,-7.421e-02,6.061e+00,5.285e+01,104,5.419e+01,4.862e-02,2.833e-02,6.165e+00,2.676e+00,0,1
500040,0,88,5.093e+01,4.092e-02,2.833e-02,6.061e+00,3.036e+00,268,7.741e+01,-6.880e-01,4.247e-01,8.226e+00,1.843e+00,1,1
500042,0,105,5.270e+01,-3.725e-02,1.309e-01,6.165e+00,5.593e+00,138,5.866e+01,-2.445e-01,2.334e-01,6.773e+00,1.563e+01,0,1
500044,0,117,5.570e+01,-5.754e-02,-2.793e-01,6.669e+00,1.091e+01,116,5.611e+01,-5.076e-02,-3.818e-01,6.669e+00,1.786e+01,0,1
500045,0,73,4.934e+01,-5.187e-03,1.309e-01,5.957e+00,6.785e+01,138,5.678e+01,5.700e-02,2.334e-01,6.773e+00,3.482e+01,1,1
500047,0,264,6.709e+01,-1.041e-02,1.452e-02,8.122e+00,2.343e+01,258,7.561e+01,1.347e-02,-4.982e-01,8.226e+00,9.944e-01,0,1
500052,0,71,4.767e+01,-1.385e-02,-7.421e-02,5.957e+00,2.164e+01,263,8.400e+01,5.898e-02,-7.568e-02,1.051e+01,4.121e+01,1,1
500057,0,72,5.424e+01,-1.144e-01,2.833e-02,5.957e+00,3.168e+00,121,5.988e+01,3.381e-02,1.309e-01,6.669e+00,4.928e+01,1,1
500061,0,264,6.806e+01,3.764e-01,1.452e-02,8.122e+00,3.939e+01,266,9.756e+01,7.488e-01,2.319e-01,1.163e+01,1.191e+01,1,1
500063,0,264,6.855e+01,6.329e-04,1.452e-02,8.122e+00,1.342e+01,265,7.840e+01,3.877e-01,1.171e-01,8.835e+00,3.183e+01,1,1
500065,0,265,6.688e+01,3.710e-01,1.171e-01,8.122e+00,1.003e+01,263,7.403e+01,2.823e-01,-8.802e-02,8.122e+00,1.549e+00,0,1
500068,0,71,5.105e+01,-1.118e-01,-7.421e-02,5.957e+00,2.222e+01,72,5.120e+01,-1.090e-01,2.833e-02,5.957e+00,1.898e+01,0,1
500071,0,72,5.070e+01,1.453e-01,2.833e-02,5.957e+00,2.273e+01,269,9.948e+01,-7.655e-01,5.396e-01,1.143e+01,5.916e+01,1,1
500072,0,73,5.119e+01,-2.304e-02,1.309e-01,5.957e+00,3.938e+01,257,7.796e+01,5.247e-01,-6.007e-01,8.939e+00,1.038e+01,1,1
500074,0,72,4.962e+01,-1.951e-01,2.833e-02,5.957e+00,3.837e+01,89,5.071e+01,-1.339e-01,1.309e-01,6.061e+00,1.212e+00,0,1
500075,0,266,7.910e+01,-3.192e-01,2.196e-01,8.939e+00,3.173e+01,267,8.282e+01,-3.585e-01,3.221e-01,8.939e+00,1.085e+00,0,1
500076,0,72,5.041e+01,-1.800e-01,2.833e-02,5.957e+00,2.654e+01,97,7.193e+01,3.991e-01,-6.895e-01,6.165e+00,3.790e+00,0,1
500078,0,71,5.220e+01,-1.995e-01,-7.421e-02,5.957e+00,5.899e+01,263,9.007e+01,-2.317e-01,-7.568e-02,1.041e+01,1.304e+01,1,1
500081,0,104,5.198e+01,2.138e-01,2.833e-02,6.165e+00,3.403e+01,261,9.629e+01,6.771e-01,-2.808e-01,1.143e+01,6.785e+01,1,1
500083,0,267,8.524e+01,-1.420e-03,3.345e-01,1.041e+01,1.866e+01,265,9.317e+01,-2.804e-01,1.294e-01,1.109e+01,5.048e+00,0,1
500090,0,87,4.974e+01,1.296e-01,-7.421e-02,6.061e+00,1.137e+01,103,5.136e+01,6.663e-02,-7.421e-02,6.165e+00,3.921e+01,0,1
500094,0,264,6.830e+01,-6.969e-02,1.452e-02,8.226e+00,3.477e+01,265,6.984e+01,-3.630e-02,1.171e-01,8.226e+00,5.492e+00,0,1
500096,0,265,7.086e+01,-1.275e-01,1.171e-01,8.226e+00,4.008e+01,260,8.306e+01,-1.783e-01,-2.931e-01,8.835e+00,3.699e+00,0,1
500097,0,72,4.917e+01,3.141e-02,2.833e-02,5.957e+00,8.364e+00,72,5.049e+01,-3.026e-02,2.833e-02,5.957e+00,6.196e+01,1,1
500098,0,265,7.379e+01,-1.088e-01,1.171e-01,8.835e+00,3.166e+01,266,7.412e+01,-1.098e-01,2.196e-01,8.835e+00,6.733e+00,0,1
500101,0,121,5.718e+01,-2.818e-02,1.309e-01,6.669e+00,6.347e+01,120,5.743e+01,1.536e-01,2.833e-02,6.669e+00,4.225e+01,1,1
500113,0,104,5.253e+01,3.384e-02,2.833e-02,6.165e+00,3.926e+01,118,5.674e+01,1.044e-01,-1.768e-01,6.669e+00,4.163e+01,1,1
500114,0,104,5.159e+01,1.095e-01,2.833e-02,6.165e+00,1.261e+01,118,5.728e+01,-3.383e-02,-1.768e-01,6.669e+00,3.643e+01,1,1
500115,0,135,5.451e+01,-1.409e-01,-7.421e-02,6.773e+00,4.083e+01,119,5.477e+01,-1.356e-01,-7.421e-02,6.669e+00,6.845e+00,0,1
500116,0,88,5.135e+01,4.537e-02,2.833e-02,6.061e+00,4.291e+01,87,5.206e+01,-4.193e-02,-7.421e-02,6.061e+00,2.161e+00,1,1
500118,0,135,5.478e+01,-1.390e-01,-7.421e-02,6.773e+00,4.030e+01,136,5.635e+01,-1.478e-01,2.833e-02,6.773e+00,3.995e+00,0,1
500123,0,138,5.650e+01,1.613e-02,2.334e-01,6.773e+00,4.418e+01,45,6.414e+01,-1.074e-01,5.410e-01,6.669e+00,2.588e+00,0,1
500124,0,87,5.169e+01,1.641e-01,-7.421e-02,6.061e+00,3.460e+01,256,9.036e+01,-5.776e-01,-7.935e-01,1.041e+01,6.352e+01,1,1
500125,0,120,5.735e+01,-1.066e-01,2.833e-02,6.669e+00,3.650e+01,121,5.838e+01,-2.625e-02,1.309e-01,6.669e+00,4.941e+00,0,1
500126,0,87,5.172e+01,5.678e-02,-7.421e-02,6.061e+00,3.662e+01,269,7.008e+01,-2.034e-01,5.272e-01,8.122e+00,3.890e+01,1,1
500127,0,73,5.271e+01,-8.812e-02,1.309e-01,5.957e+00,2.066e+01,89,5.502e+01,-1.722e-01,1.309e-01,6.061e+00,8.358e+00,0,1
500128,0,265,9.362e+01,-1.558e-01,1.294e-01,1.109e+01,2.182e+01,265,9.983e+01,2.052e-01,1.294e-01,1.143e+01,2.533e+00,0,1
500131,0,268,7.083e+01,-2.682e-01,4.247e-01,8.226e+00,3.895e+00,266,7.897e+01,3.105e-01,2.196e-01,8.835e+00,8.447e+00,0,1
500135,0,88,5.130e+01,-1.500e-01,2.833e-02,6.061e+00,5.203e+00,264,6.756e+01,-2.233e-01,1.452e-02,8.122e+00,3.934e+01,1,1
500137,0,271,7.780e+01,-7.136e-01,7.323e-01,8.835e+00,2.548e+01,268,1.001e+02,-7.333e-01,4.370e-01,1.143e+01,3.590e+01,1,1
500138,0,104,5.063e+01,-1.636e-01,2.833e-02,6.165e+00,5.209e+01,135,5.587e+01,-3.212e-01,-7.421e-02,6.773e+00,7.281e+00,1,1
500139,0,101,5.287e+01,-3.285e-01,-2.793e-01,6.165e+00,4.181e+00,121,5.553e+01,-2.844e-01,1.309e-01,6.669e+00,5.551e+01,0,1
500141,0,71,5.151e+01,-4.263e-02,-7.421e-02,5.957e+00,2.535e+01,257,1.041e+02,-2.002e-01,-5.884e-01,1.143e+01,3.262e+01,1,1
500146,0,263,7.247e+01,-4.710e-02,-8.802e-02,8.939e+00,1.652e+01,263,7.263e+01,-3.501e-02,-8.802e-02,8.835e+00,1.882e+01,0,1
500147,0,71,5.607e+01,3.374e-01,-7.421e-02,5.957e+00,2.236e+01,87,6.195e+01,4.709e-01,-7.421e-02,6.061e+00,1.098e+00,0,1
500150,0,70,5.083e+01,9.915e-02,-1.768e-01,5.957e+00,6.198e+01,266,7.104e+01,5.157e-01,2.196e-01,8.226e+00,4.283e+01,1,1
500152,0,87,5.425e+01,8.110e-02,-7.421e-02,6.061e+00,4.164e+01,103,5.438e+01,3.636e-02,-7.421e-02,6.165e+00,1.302e+01,1,1
500153,0,104,5.100e+01,-2.150e-02,2.833e-02,6.165e+00,4.003e+00,261,6.902e+01,-9.060e-01,-1.906e-01,8.122e+00,4.630e+01,1,1
500154,0,71,4.997e+01,1.706e-02,-7.421e-02,5.957e+00,3.110e+01,135,5.677e+01,2.446e-02,-7.421e-02,6.773e+00,2.327e+01,1,1
500161,0,105,5.129e+01,7.367e-03,1.309e-01,6.165e+00,1.334e+01,267,6.737e+01,-8.966e-02,3.221e-01,8.122e+00,1.491e+01,1,1
500165,0,119,5.483e+01,3.487e-02,-7.421e-02,6.669e+00,6.395e+01,135,5.511e+01,1.719e-02,-7.421e-02,6.773e+00,3.890e+00,1,1
500167,0,265,6.979e+01,-1.927e-02,1.171e-01,8.122e+00,3.551e+01,265,7.175e+01,-5.696e-02,1.171e-01,8.226e+00,1.752e+00,0,1
500168,0,264,6.703e+01,7.432e-02,1.452e-02,8.122e+00,5.834e+00,264,7.473e+01,1.784e-01,1.452e-02,8.939e+00,3.307e+01,1,1
500172,0,87,5.230e+01,-3.305e-02,-7.421e-02,6.061e+00,4.079e+01,267,6.935e+01,-1.188e-01,3.221e-01,8.122e+00,1.195e+01,1,1
500177,0,260,6.742e+01,-5.088e-01,-2.931e-01,8.122e+00,4.870e+01,265,7.374e+01,-9.009e-02,1.171e-01,8.835e+00,4.225e+01,1,1
500178,0,105,5.143e+01,4.138e-02,1.309e-01,6.165e+00,4.433e+01,269,6.876e+01,-1.721e-03,5.272e-01,8.122e+00,3.957e+01,1,1
500182,0,265,7.623e+01,-3.364e-01,1.171e-01,8.835e+00,9.451e+00,270,1.107e+02,-5.781e-01,6.421e-01,1.061e+01,4.596e+00,0,1
500184,0,87,5.112e+01,3.079e-02,-7.421e-02,6.061e+00,1.180e+01,267,1.048e+02,-7.474e-02,3.345e-01,1.143e+01,1.162e+00,1,1
500185,0,88,4.938e+01,2.415e-02,2.833e-02,6.061e+00,1.938e+01,265,9.330e+01,1.431e-01,1.294e-01,1.143e+01,2.643e+01,1,1
500186,0,87,5.224e+01,-1.337e-01,-7.421e-02,6.061e+00,1.355e+01,88,5.251e+01,-1.346e-01,2.833e-02,6.061e+00,2.768e+00,0,1
500191,0,271,6.974e+01,-7.581e-01,7.323e-01,8.122e+00,2.704e+01,271,7.094e+01,-7.452e-01,7.323e-01,8.226e+00,4.208e+00,0,1
500192,0,119,5.540e+01,-1.091e-01,-7.421e-02,6.669e+00,2.138e+00,268,8.108e+01,-2.982e-01,4.247e-01,8.226e+00,1.179e+00,0,1
500194,0,259,7.208e+01,7.710e-02,-3.956e-01,8.226e+00,8.706e+00,261,1.009e+02,2.301e-01,-2.808e-01,1.109e+01,2.659e+01,0,1
500196,0,43,5.856e+01,-1.362e-01,3.360e-01,6.669e+00,2.199e+01,270,7.747e+01,2.287e-01,6.298e-01,8.835e+00,3.403e+01,1,1
500205,0,136,5.575e+01,-2.364e-01,2.833e-02,6.773e+00,3.717e+01,263,6.619e+01,5.575e-02,-8.802e-02,8.226e+00,6.109e+00,1,1
500207,0,104,5.087e+01,9.128e-02,2.833e-02,6.165e+00,9.314e+00,103,5.481e+01,-1.554e-01,-7.421e-02,6.165e+00,9.689e+00,0,1
500212,0,70,5.076e+01,-7.269e-02,-1.768e-01,5.957e+00,1.115e+01,138,5.937e+01,1.474e-01,2.334e-01,6.773e+00,2.229e+01,1,1
500213,0,106,5.463e+01,-2.606e-01,2.334e-01,6.165e+00,1.150e+01,74,5.841e+01,-1.684e-01,2.334e-01,5.957e+00,1.116e+00,0,1
500217,0,256,7.352e+01,1.417e-01,-7.033e-01,8.835e+00,1.447e+01,257,7.685e+01,1.495e-01,-6.007e-01,8.939e+00,5.341e+00,0,1
500219,0,267,6.926e+01,-5.142e-01,3.221e-01,8.122e+00,2.537e+01,267,6.941e+01,-5.214e-01,3.221e-01,8.226e+00,3.470e+01,0,1
500225,0,88,5.487e+01,1.044e-01,2.833e-02,6.061e+00,2.498e+01,264,7.471e+01,-3.195e-01,1.452e-02,8.226e+00,2.220e+01,1,1
500229,0,104,5.402e+01,2.186e-01,2.833e-02,6.165e+00,4.616e+01,270,7.954e+01,6.926e-01,6.298e-01,8.939e+00,3.998e+01,1,1
500232,0,119,5.570e+01,-2.443e-01,-7.421e-02,6.669e+00,3.392e+01,138,5.982e+01,-1.486e-01,2.334e-01,6.773e+00,1.951e+01,0,1
500233,0,88,4.852e+01,6.193e-02,2.833e-02,6.061e+00,2.668e+01,103,4.971e+01,7.414e-02,-7.421e-02,6.165e+00,2.101e+00,0,1
500241,0,269,7.217e+01,6.495e-01,5.272e-01,8.226e+00,2.267e+01,268,7.567e+01,5.334e-01,4.247e-01,8.122e+00,1.188e+00,0,1
500242,0,135,5.496e+01,-2.514e-01,-7.421e-02,6.773e+00,6.940e+01,266,6.696e+01,-7.026e-02,2.196e-01,8.226e+00,4.268e+01,1,1
500250,0,71,4.960e+01,-4.766e-02,-7.421e-02,5.957e+00,1.485e+01,264,6.985e+01,-1.393e-01,1.452e-02,8.226e+00,1.498e+00,1,1
500253,0,263,6.672e+01,2.934e-02,-8.802e-02,8.122e+00,3.697e+01,267,7.286e+01,-2.121e-02,3.221e-01,8.122e+00,1.070e+01,0,1
500257,0,104,5.305e+01,5.506e-03,2.833e-02,6.165e+00,3.356e+01,260,6.990e+01,3.764e-01,-2.931e-01,8.122e+00,3.911e+01,1,1
500258,0,71,4.874e+01,-5.504e-02,-7.421e-02,5.957e+00,5.738e+01,103,5.037e+01,1.937e-02,-7.421e-02,6.165e+00,3.319e+01,1,1
500260,0,257,7.284e+01,9.942e-01,-6.007e-01,8.835e+00,1.298e+01,266,7.722e+01,1.966e-01,2.196e-01,8.835e+00,1.001e+01,1,1
500262,0,87,5.102e+01,4.780e-02,-7.421e-02,6.061e+00,4.435e+01,74,5.470e+01,-8.490e-02,2.334e-01,5.957e+00,1.477e+00,1,1
500263,0,265,7.669e+01,-6.370e-01,1.171e-01,8.835e+00,1.003e+01,265,7.688e+01,-6.318e-01,1.171e-01,8.939e+00,3.055e+01,0,1
500265,0,88,5.307e+01,-1.795e-01,2.833e-02,6.061e+00,2.569e+01,265,7.769e+01,-2.423e-01,1.171e-01,8.835e+00,4.493e+01,1,1
500268,0,258,7.301e+01,1.300e-01,-4.982e-01,8.226e+00,1.366e+01,258,7.841e+01,7.299e-04,-4.982e-01,8.122e+00,4.297e+00,0,1
500269,0,103,5.088e+01,-9.896e-02,-7.421e-02,6.165e+00,5.010e+01,119,5.621e+01,-1.362e-02,-7.421e-02,6.669e+00,1.568e+01,1,1
500270,0,135,6.002e+01,-3.971e-02,-7.421e-02,6.773e+00,5.417e+00,265,9.396e+01,-2.478e-01,1.294e-01,1.041e+01,1.456e+01,1,1
500271,0,89,5.161e+01,-7.087e-02,1.309e-01,6.061e+00,3.164e+01,74,5.656e+01,7.871e-02,2.334e-01,5.957e+00,2.940e+00,0,1
500277,0,135,5.454e+01,-6.028e-02,-7.421e-02,6.773e+00,3.122e+01,135,5.476e+01,-3.079e-02,-7.421e-02,6.773e+00,1.615e+01,1,1
500278,0,103,5.184e+01,7.506e-02,-7.421e-02,6.165e+00,2.858e+01,71,5.552e+01,1.814e-01,-7.421e-02,5.957e+00,3.029e+00,0,1
500279,0,265,6.926e+01,-1.240e-02,1.171e-01,8.226e+00,3.796e+01,265,8.867e+01,-1.530e-01,1.294e-01,1.041e+01,2.750e+01,1,1
500284,0,71,5.423e+01,-5.895e-02,-7.421e-02,5.957e+00,1.617e+00,130,6.489e+01,3.909e-01,-5.869e-01,6.773e+00,2.390e+01,0,1
500285,0,114,5.796e+01,-5.237e-01,-5.869e-01,6.669e+00,3.749e+01,261,7.337e+01,1.084e-01,-1.906e-01,8.939e+00,5.210e+01,1,1
500287,0,71,5.300e+01,-2.634e-02,-7.421e-02,5.957e+00,2.945e+00,71,5.372e+01,4.617e-02,-7.421e-02,5.957e+00,2.147e+01,1,1
500290,0,135,5.677e+01,-4.041e-03,-7.421e-02,6.773e+00,1.674e+00,270,7.048e+01,4.566e-01,6.298e-01,8.226e+00,2.996e+01,1,1
500291,0,71,5.199e+01,-1.833e-01,-7.421e-02,5.957e+00,2.071e+01,106,6.163e+01,-4.223e-01,2.334e-01,6.165e+00,2.569e+00,0,1
500292,0,72,5.226e+01,-1.163e-01,2.833e-02,5.957e+00,3.611e+00,137,5.727e+01,-3.029e-02,1.309e-01,6.773e+00,3.745e+01,1,1
500293,0,265,6.920e+01,1.017e-01,1.171e-01,8.226e+00,4.368e+01,266,8.783e+01,1.354e-01,2.319e-01,1.041e+01,3.779e+01,1,1
500295,0,120,5.682e+01,-4.094e-02,2.833e-02,6.669e+00,3.323e+01,135,5.953e+01,5.332e-02,-7.421e-02,6.773e+00,1.359e+00,0,1
500296,0,72,4.955e+01,-8.525e-02,2.833e-02,5.957e+00,1.639e+01,88,4.993e+01,-8.813e-02,2.833e-02,6.061e+00,4.742e+01,0,1
500301,0,264,6.928e+01,-2.743e-04,1.452e-02,8.226e+00,2.103e+00,261,9.671e+01,-7.798e-01,-2.808e-01,1.153e+01,6.957e+01,1,1
500302,0,104,5.047e+01,4.943e-03,2.833e-02,6.165e+00,4.064e+01,260,6.676e+01,3.000e-02,-2.931e-01,8.122e+00,1.173e+01,1,1
500303,0,122,5.819e+01,1.149e-01,2.334e-01,6.669e+00,2.121e+01,264,8.247e+01,2.928e-01,1.452e-02,8.939e+00,2.112e+00,1,1
500304,0,135,5.593e+01,8.404e-03,-7.421e-02,6.773e+00,4.587e+01,265,6.722e+01,2.060e-02,1.171e-01,8.226e+00,2.173e+01,1,1
500306,0,263,7.046e+01,-4.992e-02,-8.802e-02,8.226e+00,6.767e+00,263,7.202e+01,6.829e-02,-8.802e-02,8.122e+00,3.681e+00,0,1
500308,0,106,5.285e+01,6.431e-01,2.334e-01,6.165e+00,2.066e+00,104,5.932e+01,-8.176e-01,2.833e-02,6.165e+00,3.434e+01,0,1
500311,0,72,4.999e+01,1.589e-01,2.833e-02,5.957e+00,1.321e+01,72,5.104e+01,1.399e-01,2.833e-02,5.957e+00,3.932e+01,1,1
500312,0,102,5.130e+01,7.481e-03,-1.768e-01,6.165e+00,4.228e+01,260,6.959e+01,1.096e-01,-2.931e-01,8.226e+00,3.628e+01,1,1
500313,0,262,9.111e+01,-8.572e-01,-1.782e-01,1.041e+01,1.911e+01,261,9.129e+01,-8.617e-01,-2.808e-01,1.041e+01,4.482e+00,0,1
500316,0,134,5.652e+01,-5.646e-02,-1.768e-01,6.773e+00,3.742e+01,261,8.612e+01,4.996e-01,-2.808e-01,1.051e+01,5.685e+01,1,1
500327,0,103,5.268e+01,7.194e-03,-7.421e-02,6.165e+00,5.952e+01,119,5.837e+01,-7.184e-03,-7.421e-02,6.669e+00,3.272e+01,1,1
500331,0,71,4.888e+01,7.805e-02,-7.421e-02,5.957e+00,5.997e+00,87,4.965e+01,9.438e-02,-7.421e-02,6.061e+00,1.454e+01,1,1
500332,0,135,5.849e+01,-3.332e-02,-7.421e-02,6.773e+00,5.687e+00,263,6.845e+01,9.079e-02,-8.802e-02,8.226e+00,2.969e+01,1,1
500333,0,88,5.476e+01,1.900e-01,2.833e-02,6.061e+00,4.930e+01,104,5.562e+01,1.568e-01,2.833e-02,6.165e+00,3.374e+01,1,1
500337,0,266,6.826e+01,-8.560e-02,2.196e-01,8.122e+00,3.877e+01,263,8.981e+01,-1.854e-02,-7.568e-02,1.061e+01,4.162e+01,1,1
500344,0,88,5.354e+01,-6.531e-02,2.833e-02,6.061e+00,2.817e+01,103,5.593e+01,-3.042e-02,-7.421e-02,6.165e+00,2.353e+00,0,1
500347,0,70,5.280e+01,-1.365e-01,-1.767e-01,5.957e+00,2.924e+01,268,7.301e+01,-3.951e-02,4.247e-01,8.226e+00,3.511e+01,1,1
500349,0,105,5.307e+01,2.784e-02,1.309e-01,6.165e+00,2.919e+00,117,5.606e+01,7.112e-01,-2.793e-01,6.669e+00,1.162e+00,0,1
500353,0,73,5.205e+01,-3.752e-01,1.309e-01,5.957e+00,4.133e+00,87,5.359e+01,1.566e-01,-7.421e-02,6.061e+00,1.225e+00,0,1
500354,0,105,5.204e+01,-7.252e-02,1.309e-01,6.165e+00,9.860e+00,264,7.698e+01,-4.052e-02,1.452e-02,8.939e+00,5.009e+01,1,1
500358,0,102,5.411e+01,5.211e-02,-1.767e-01,6.165e+00,8.509e+00,103,5.454e+01,4.834e-02,-7.421e-02,6.165e+00,1.912e+01,0,1
500368,0,136,5.807e+01,-1.340e-01,2.833e-02,6.773e+00,3.381e+01,260,7.058e+01,6.510e-01,-2.931e-01,8.122e+00,4.611e+01,1,1
500376,0,106,5.362e+01,-8.256e-02,2.334e-01,6.165e+00,2.705e+01,89,5.737e+01,-6.899e-02,1.309e-01,6.061e+00,2.362e+00,0,1
500381,0,87,5.018e+01,1.101e-01,-7.421e-02,6.061e+00,2.842e+01,87,5.068e+01,7.016e-02,-7.421e-02,6.061e+00,1.140e+00,1,1
500387,0,89,5.253e+01,3.054e-02,1.309e-01,6.061e+00,4.539e+01,263,9.049e+01,-3.797e-01,-7.568e-02,1.041e+01,5.051e+01,1,1
500388,0,106,5.740e+01,4.490e-01,2.334e-01,6.165e+00,2.075e+01,268,9.068e+01,4.455e-01,4.370e-01,1.041e+01,5.492e+00,1,1
500392,0,104,5.169e+01,2.704e-02,2.833e-02,6.165e+00,1.201e+00,103,5.243e+01,-4.424e-02,-7.421e-02,6.165e+00,1.722e+01,1,1
500396,0,88,5.186e+01,-1.070e-01,2.833e-02,6.061e+00,1.286e+01,104,5.279e+01,-1.493e-01,2.833e-02,6.165e+00,1.176e+01,0,1
500399,0,71,5.013e+01,-7.752e-02,-7.421e-02,5.957e+00,5.169e+00,256,7.069e+01,4.320e-01,-7.033e-01,8.122e+00,4.249e+01,0,1
500402,0,73,5.192e+01,6.812e-02,1.309e-01,5.957e+00,1.359e+01,88,5.311e+01,7.033e-02,2.833e-02,6.061e+00,1.338e+01,0,1
500403,0,73,5.172e+01,-7.283e-02,1.309e-01,5.957e+00,2.284e+01,88,5.177e+01,-6.975e-02,2.833e-02,6.061e+00,1.498e+01,0,1
500404,0,72,4.957e+01,-7.065e-02,2.833e-02,5.957e+00,4.372e+01,120,5.522e+01,-3.702e-02,2.833e-02,6.669e+00,2.110e+00,1,1
500407,0,87,4.861e+01,-3.838e-02,-7.421e-02,6.061e+00,2.087e+01,71,4.885e+01,-2.114e-02,-7.421e-02,5.957e+00,7.983e+00,0,1
500408,0,103,5.364e+01,-1.865e-02,-7.421e-02,6.165e+00,3.986e+01,117,5.643e+01,2.187e-01,-2.793e-01,6.669e+00,3.384e+00,1,1
500415,0,73,5.022e+01,4.991e-02,1.309e-01,5.957e+00,1.058e+01,73,5.038e+01,6.351e-02,1.309e-01,5.957e+00,7.821e+00,1,1
500416,0,89,4.983e+01,-6.209e-02,1.309e-01,6.061e+00,1.197e+01,105,5.090e+01,-2.703e-02,1.309e-01,6.165e+00,5.741e+00,1,1
500417,0,104,5.161e+01,5.774e-02,2.833e-02,6.165e+00,6.045e+00,138,6.194e+01,-5.917e-01,2.334e-01,6.773e+00,1.709e+01,0,1
500419,0,71,4.755e+01,1.336e-01,-7.421e-02,5.957e+00,3.898e+01,72,4.815e+01,1.275e-01,2.833e-02,5.957e+00,1.178e+01,0,1
500421,0,73,4.922e+01,1.473e-02,1.309e-01,5.957e+00,5.214e+01,105,5.078e+01,-1.330e-02,1.309e-01,6.165e+00,4.017e+01,1,1
500423,0,106,5.109e+01,5.708e-03,2.334e-01,6.165e+00,3.616e+01,261,7.536e+01,-1.739e-01,-1.906e-01,8.939e+00,4.119e+01,1,1
500428,0,71,5.043e+01,-1.649e-02,-7.421e-02,5.957e+00,7.980e+00,87,5.217e+01,-4.218e-02,-7.421e-02,6.061e+00,1.506e+01,0,1
500429,0,104,4.994e+01,1.934e-02,2.833e-02,6.165e+00,3.411e+00,87,4.995e+01,7.753e-02,-7.421e-02,6.061e+00,4.468e+01,1,1
500431,0,59,5.628e+01,-1.983e-01,3.359e-01,6.773e+00,9.082e+00,263,9.475e+01,-9.752e-01,-7.568e-02,1.143e+01,4.708e+00,1,1
500434,0,73,4.890e+01,1.375e-01,1.309e-01,5.957e+00,3.528e+01,263,7.800e+01,-7.686e-01,-8.802e-02,8.939e+00,3.167e+01,1,1
500435,0,72,5.138e+01,-1.736e-01,2.833e-02,5.957e+00,2.595e+01,137,5.880e+01,-3.096e-01,1.309e-01,6.773e+00,3.516e+01,1,1
500437,0,89,5.018e+01,-2.548e-02,1.309e-01,6.061e+00,4.024e+01,263,7.212e+01,3.742e-02,-8.802e-02,8.835e+00,5.941e+01,1,1
500442,0,104,5.175e+01,-3.390e-02,2.833e-02,6.165e+00,3.166e+01,130,7.086e+01,-2.961e-01,-5.869e-01,6.773e+00,2.319e+00,0,1
500448,0,87,4.826e+01,-2.542e-03,-7.421e-02,6.061e+00,3.274e+01,118,5.265e+01,-1.699e-02,-1.767e-01,6.669e+00,1.235e+01,1,1
500455,0,87,5.071e+01,-1.847e-02,-7.421e-02,6.061e+00,2.746e+01,261,9.537e+01,-6.221e-01,-2.808e-01,1.061e+01,2.815e+01,1,1
500457,0,71,4.966e+01,5.825e-02,-7.421e-02,5.957e+00,4.366e+01,72,5.001e+01,4.889e-02,2.833e-02,5.957e+00,1.320e+01,1,1
500458,0,87,5.504e+01,-3.382e-02,-7.421e-02,6.061e+00,3.057e+01,96,6.683e+01,7.878e-02,-7.920e-01,6.165e+00,2.573e+00,1,1
500459,0,71,4.868e+01,9.742e-02,-7.421e-02,5.957e+00,7.232e+00,70,4.883e+01,3.068e-02,-1.768e-01,5.957e+00,1.539e+00,1,1
500468,0,265,8.611e+01,-1.591e-01,1.294e-01,1.041e+01,4.960e+01,259,8.961e+01,-6.148e-02,-4.858e-01,1.061e+01,5.106e+00,1,1
500469,0,72,5.280e+01,3.852e-02,2.833e-02,5.957e+00,1.646e+01,72,5.404e+01,-1.045e-02,2.833e-02,5.957e+00,3.651e+01,1,1
500472,0,119,5.724e+01,3.065e-02,-7.421e-02,6.669e+00,4.374e+01,120,5.779e+01,-1.153e-02,2.833e-02,6.669e+00,2.315e+01,1,1
500477,0,88,5.194e+01,1.004e-01,2.833e-02,6.061e+00,2.962e+01,105,5.322e+01,1.409e-02,1.309e-01,6.165e+00,1.002e+01,1,1
500493,0,120,5.522e+01,1.046e-01,2.833e-02,6.669e+00,4.285e+01,119,5.526e+01,1.219e-01,-7.421e-02,6.669e+00,1.603e+00,0,1
500498,0,87,5.084e+01,6.202e-02,-7.421e-02,6.061e+00,1.066e+01,103,5.127e+01,4.268e-02,-7.421e-02,6.165e+00,3.700e+01,0,1
500504,0,263,8.792e+01,-5.670e-01,-7.568e-02,1.051e+01,3.169e+01,256,9.548e+01,-1.624e-01,-7.935e-01,1.099e+01,3.356e+00,0,1
500532,0,133,7.569e+01,-7.596e-01,-2.793e-01,6.773e+00,2.818e+00,269,8.064e+01,3.486e-01,5.272e-01,8.835e+00,2.037e+01,0,1
500538,0,263,9.831e+01,-1.512e-01,-7.568e-02,1.109e+01,2.391e+00,257,9.885e+01,-1.017e+00,-5.884e-01,1.061e+01,3.230e+00,0,1
500539,0,71,4.957e+01,-1.097e-01,-7.421e-02,5.957e+00,3.780e+01,87,5.002e+01,-9.176e-02,-7.421e-02,6.061e+00,1.830e+01,0,1
500543,0,259,9.164e+01,-3.873e-01,-4.858e-01,1.099e+01,5.247e+01,259,9.190e+01,-3.935e-01,-4.858e-01,1.109e+01,1.755e+01,0,1
500548,0,72,5.133e+01,-1.915e-02,2.833e-02,5.957e+00,1.214e+01,88,5.294e+01,3.239e-02,2.833e-02,6.061e+00,1.786e+00,0,1
500551,0,265,7.044e+01,-8.094e-02,1.171e-01,8.122e+00,1.940e+01,264,7.115e+01,-4.870e-02,1.452e-02,8.226e+00,1.355e+01,0,1
500555,0,105,5.198e+01,1.951e-03,1.309e-01,6.165e+00,1.397e+01,118,5.882e+01,-2.135e-01,-1.768e-01,6.669e+00,5.091e+00,0,1
500561,0,120,5.795e+01,-9.383e-02,2.833e-02,6.669e+00,1.695e+01,135,5.938e+01,-1.051e-01,-7.421e-02,6.773e+00,6.115e+00,0,1
500562,0,88,4.986e+01,-1.325e-01,2.833e-02,6.061e+00,1.911e+01,104,5.017e+01,-1.376e-01,2.833e-02,6.165e+00,2.311e+00,0,1
500579,0,73,4.944e+01,-7.592e-02,1.309e-01,5.957e+00,2.227e+01,85,6.301e+01,-2.540e-01,-2.793e-01,6.061e+00,1.047e+00,0,1
500582,0,88,5.231e+01,-1.376e-01,2.833e-02,6.061e+00,3.654e+01,112,5.994e+01,-7.236e-02,-7.920e-01,6.669e+00,4.067e+00,0,1
500583,0,137,5.841e+01,1.945e-01,1.309e-01,6.773e+00,4.772e+01,257,9.206e+01,-6.749e-01,-6.007e-01,8.226e+00,4.987e+00,0,1
500594,0,263,9.302e+01,-1.491e-01,-7.568e-02,1.109e+01,1.014e+01,265,9.880e+01,-5.929e-01,1.294e-01,1.109e+01,2.692e+00,0,1
500596,0,105,5.152e+01,1.048e-01,1.309e-01,6.165e+00,2.908e+01,256,7.788e+01,-6.748e-01,-7.033e-01,8.122e+00,3.165e+00,0,1
500608,0,137,6.197e+01,-1.605e-02,1.309e-01,6.773e+00,8.592e+00,268,7.974e+01,6.943e-01,4.247e-01,8.226e+00,1.664e+01,0,1
500620,0,260,7.095e+01,-4.965e-01,-2.931e-01,8.226e+00,7.963e+00,259,7.111e+01,-5.010e-01,-3.956e-01,8.226e+00,1.001e+01,0,1
500636,0,104,5.276e+01,-9.520e-02,2.833e-02,6.165e+00,4.761e+00,268,7.369e+01,8.906e-01,4.247e-01,8.226e+00,3.138e+01,0,1
500638,0,267,7.087e+01,2.745e-01,3.221e-01,8.939e+00,1.469e+01,266,7.150e+01,2.902e-01,2.196e-01,8.939e+00,3.734e+01,0,1
500639,0,137,5.777e+01,-6.546e-02,1.309e-01,6.773e+00,5.174e+00,135,6.235e+01,2.546e-01,-7.421e-02,6.773e+00,3.506e+00,0,1
500643,0,269,7.100e+01,-5.842e-01,5.272e-01,8.226e+00,2.124e+01,264,9.650e+01,-8.433e-01,1.452e-02,8.122e+00,3.299e+00,0,1
500645,0,258,7.000e+01,8.022e-02,-4.982e-01,8.122e+00,1.734e+01,259,7.296e+01,2.066e-01,-3.956e-01,8.122e+00,2.079e+00,0,1
500654,0,265,7.322e+01,2.558e-01,1.171e-01,8.939e+00,4.366e+01,270,1.264e+02,-4.906e-01,6.421e-01,1.099e+01,1.665e+00,0,1
500660,0,88,5.357e+01,-1.185e-01,2.833e-02,6.061e+00,4.772e+01,72,5.386e+01,-1.142e-01,2.833e-02,5.957e+00,1.279e+00,0,1
500669,0,88,5.198e+01,-9.325e-02,2.833e-02,6.061e+00,2.749e+01,104,5.202e+01,-9.436e-02,2.833e-02,6.165e+00,3.109e+01,0,1
500672,0,257,7.168e+01,-5.991e-02,-6.007e-01,8.226e+00,5.437e+00,258,7.198e+01,-6.529e-02,-4.982e-01,8.226e+00,1.230e+01,0,1
500673,0,118,5.861e+01,-8.880e-02,-1.768e-01,6.669e+00,2.989e+00,134,6.018e+01,-7.223e-02,-1.767e-01,6.773e+00,3.249e+00,0,1
500675,0,88,5.270e+01,-7.271e-02,2.833e-02,6.061e+00,3.999e+01,103,5.537e+01,-8.787e-02,-7.421e-02,6.165e+00,1.212e+00,0,1
1000003,0,89,5.448e+01,1.693e-02,1.309e-01,6.061e+00,3.055e+01,137,6.187e+01,-1.934e-02,1.309e-01,6.773e+00,2.906e+01,1,2
1000004,0,72,5.588e+01,9.638e-02,2.833e-02,5.957e+00,7.591e+00,263,7.669e+01,7.482e-02,-8.802e-02,8.226e+00,9.951e+00,1,2
1000011,0,120,6.138e+01,9.399e-03,2.833e-02,6.669e+00,1.374e+01,102,7.071e+01,-1.365e-01,-1.768e-01,6.165e+00,3.141e+00,0,2
1000014,0,87,6.104e+01,1.762e-02,-7.421e-02,6.061e+00,1.745e+01,87,6.142e+01,-2.691e-02,-7.421e-02,6.061e+00,3.244e+00,1,2
1000015,0,89,5.571e+01,8.731e-02,1.309e-01,6.061e+00,3.934e+01,265,1.025e+02,1.834e-03,1.294e-01,1.099e+01,3.130e+01,1,2
1000017,0,73,5.426e+01,1.170e-01,1.309e-01,5.957e+00,2.588e+01,61,5.882e+01,4.278e-01,5.410e-01,6.773e+00,2.694e+00,0,2
1000018,0,73,5.752e+01,5.850e-02,1.309e-01,5.957e+00,3.848e+00,122,6.393e+01,7.530e-02,2.334e-01,6.669e+00,1.708e+01,1,2
1000022,0,105,5.434e+01,-9.550e-02,1.309e-01,6.165e+00,2.665e+01,104,5.473e+01,-9.324e-02,2.833e-02,6.165e+00,4.538e+00,0,2
1000024,0,136,5.966e+01,1.661e-02,2.833e-02,6.773e+00,3.944e+01,270,9.367e+01,2.453e-01,6.421e-01,1.051e+01,3.893e+01,1,2
1000032,0,103,5.436e+01,-8.585e-02,-7.421e-02,6.165e+00,2.879e+01,117,6.394e+01,-1.597e-01,-2.793e-01,6.669e+00,1.184e+00,0,2
1000035,0,71,5.461e+01,-1.817e-02,-7.421e-02,5.957e+00,1.156e+01,72,5.479e+01,-1.719e-02,2.833e-02,5.957e+00,1.081e+01,0,2
1000036,0,72,5.737e+01,-1.142e-01,2.833e-02,5.957e+00,3.832e+00,88,5.935e+01,1.836e-02,2.833e-02,6.061e+00,1.447e+00,0,2
1000037,0,135,6.094e+01,-1.326e-01,-7.421e-02,6.773e+00,4.160e+00,136,6.099e+01,-1.324e-01,2.833e-02,6.773e+00,2.160e+01,0,2
1000038,0,71,5.452e+01,3.239e-01,-7.421e-02,5.957e+00,4.038e+00,261,7.219e+01,1.896e-01,-1.906e-01,8.122e+00,1.672e+01,1,2
1000039,0,71,5.459e+01,1.927e-01,-7.421e-02,5.957e+00,5.202e+01,119,6.151e+01,2.074e-01,-7.421e-02,6.669e+00,2.846e+01,1,2
1000044,0,72,5.588e+01,3.207e-02,2.833e-02,5.957e+00,3.694e+01,89,6.159e+01,2.394e-01,1.309e-01,6.061e+00,1.140e+00,0,2
1000045,0,265,7.588e+01,-5.742e-02,1.171e-01,8.226e+00,2.710e+01,267,8.321e+01,2.053e-03,3.221e-01,8.835e+00,1.201e+00,1,2
1000047,0,104,6.124e+01,-9.723e-02,2.833e-02,6.165e+00,9.423e+00,121,6.663e+01,-2.858e-02,1.309e-01,6.669e+00,2.898e+01,1,2
1000048,0,71,5.949e+01,-1.363e-02,-7.421e-02,5.957e+00,4.180e+00,136,6.544e+01,-3.308e-02,2.833e-02,6.773e+00,2.017e+01,1,2
1000049,0,263,7.055e+01,9.720e-02,-8.802e-02,8.122e+00,2.377e+01,268,9.109e+01,5.110e-01,4.247e-01,8.835e+00,1.317e+00,0,2
1000051,0,105,5.388e+01,6.150e-02,1.309e-01,6.165e+00,3.804e+01,265,7.961e+01,7.146e-01,1.171e-01,8.939e+00,1.608e+01,1,2
1000053,0,116,6.228e+01,4.228e-03,-3.818e-01,6.669e+00,3.468e+01,263,8.601e+01,-2.364e-01,-8.802e-02,8.835e+00,1.181e+00,1,2
1000057,0,120,6.077e+01,-2.785e-02,2.833e-02,6.669e+00,3.765e+01,259,1.020e+02,-5.131e-01,-4.858e-01,1.099e+01,2.950e+01,1,2
1000058,0,88,5.735e+01,-7.910e-02,2.833e-02,6.061e+00,3.314e+01,89,5.758e+01,-9.691e-02,1.309e-01,6.061e+00,3.288e+01,1,2
1000061,0,87,5.431e+01,1.645e-01,-7.421e-02,6.061e+00,4.337e+01,263,7.453e+01,1.868e-01,-8.802e-02,8.226e+00,7.009e+00,1,2
1000062,0,119,5.993e+01,1.144e-01,-7.421e-02,6.669e+00,4.438e+01,43,6.171e+01,3.532e-01,3.359e-01,6.669e+00,2.883e+01,1,2
1000063,0,264,7.229e+01,3.551e-01,1.452e-02,8.122e+00,1.016e+01,263,7.510e+01,3.069e-01,-8.802e-02,8.226e+00,5.270e+00,0,2
1000064,0,73,5.615e+01,-7.587e-02,1.309e-01,5.957e+00,8.785e+00,266,1.013e+02,-2.872e-01,2.319e-01,1.061e+01,3.660e+01,1,2
1000069,0,89,5.686e+01,4.241e-02,1.309e-01,6.061e+00,4.567e+00,268,8.051e+01,6.803e-02,4.247e-01,8.226e+00,1.967e+00,0,2
1000071,0,260,7.717e+01,6.572e-01,-2.931e-01,8.226e+00,1.600e+01,256,7.771e+01,5.257e-01,-8.058e-01,8.226e+00,2.366e+01,1,2
1000072,0,72,6.000e+01,-1.120e-01,2.833e-02,5.957e+00,3.952e+01,136,6.925e+01,3.115e-01,2.833e-02,6.773e+00,2.932e+01,1,2
1000075,0,104,5.960e+01,2.328e-04,2.833e-02,6.165e+00,1.720e+01,104,5.971e+01,1.037e-02,2.833e-02,6.165e+00,2.821e+01,1,2
1000076,0,137,6.119e+01,3.128e-02,1.309e-01,6.773e+00,2.277e+01,265,8.193e+01,-3.958e-01,1.171e-01,8.835e+00,3.411e+01,1,2
1000080,0,72,5.658e+01,-9.998e-03,2.833e-02,5.957e+00,3.142e+01,259,8.354e+01,-9.113e-02,-3.956e-01,8.835e+00,6.787e+00,1,2
1000081,0,89,5.363e+01,5.999e-02,1.309e-01,6.061e+00,3.523e+01,88,5.511e+01,6.375e-02,2.833e-02,6.061e+00,8.351e+00,1,2
1000083,0,87,5.644e+01,4.732e-02,-7.421e-02,6.061e+00,3.276e+01,71,5.862e+01,4.698e-02,-7.421e-02,5.957e+00,1.938e+01,1,2
1000089,0,88,5.624e+01,1.274e-01,2.833e-02,6.061e+00,3.012e+01,121,6.177e+01,1.548e-01,1.309e-01,6.669e+00,3.448e+01,1,2
1000090,0,104,5.791e+01,-1.787e-01,2.833e-02,6.165e+00,2.972e+01,266,7.596e+01,-1.587e-01,2.196e-01,8.122e+00,2.022e+01,1,2
1000092,0,72,5.380e+01,1.448e-01,2.833e-02,5.957e+00,2.921e+01,270,7.428e+01,3.478e-01,6.298e-01,8.226e+00,2.195e+01,1,2
1000093,0,72,5.550e+01,-8.552e-02,2.833e-02,5.957e+00,3.037e+01,88,5.620e+01,-1.252e-01,2.833e-02,6.061e+00,3.694e+01,1,2
1000094,0,72,6.115e+01,-1.513e-01,2.833e-02,5.957e+00,1.603e+01,137,7.038e+01,-2.086e-01,1.309e-01,6.773e+00,2.563e+01,1,2
1000098,0,104,6.093e+01,5.641e-02,2.833e-02,6.165e+00,1.299e+01,263,8.211e+01,4.561e-02,-8.802e-02,8.226e+00,3.010e+01,1,2
1000099,0,104,5.648e+01,-1.794e-02,2.833e-02,6.165e+00,1.248e+01,260,8.450e+01,-4.641e-02,-2.931e-01,8.939e+00,2.028e+01,1,2
1000102,0,73,5.317e+01,-3.281e-02,1.309e-01,5.957e+00,1.578e+01,89,5.359e+01,-1.241e-01,1.309e-01,6.061e+00,7.272e+00,1,2
1000109,0,88,5.702e+01,-1.113e-01,2.833e-02,6.061e+00,2.650e+00,104,5.818e+01,-1.530e-01,2.833e-02,6.165e+00,4.788e+00,0,2
1000110,0,69,5.334e+01,-6.371e-02,-2.793e-01,5.957e+00,3.381e+01,259,7.264e+01,-6.132e-02,-3.956e-01,8.122e+00,3.699e+01,1,2
1000112,0,103,5.654e+01,2.214e-02,-7.421e-02,6.165e+00,2.400e+01,120,6.129e+01,1.882e-02,2.833e-02,6.669e+00,4.084e+01,1,2
1000114,0,121,6.460e+01,1.806e-01,1.309e-01,6.669e+00,2.270e+01,120,6.511e+01,1.742e-01,2.833e-02,6.669e+00,1.515e+00,0,2
1000115,0,71,5.838e+01,-3.838e-02,-7.421e-02,5.957e+00,3.111e+01,120,6.581e+01,-1.593e-01,2.833e-02,6.669e+00,2.104e+01,1,2
1000119,0,71,5.626e+01,1.526e-01,-7.421e-02,5.957e+00,1.785e+01,87,5.935e+01,2.125e-01,-7.421e-02,6.061e+00,3.202e+00,0,2
1000120,0,271,7.983e+01,3.268e-01,7.323e-01,8.835e+00,5.680e+00,270,8.010e+01,3.292e-01,6.298e-01,8.835e+00,2.620e+01,0,2
1000121,0,73,5.402e+01,6.286e-02,1.309e-01,5.957e+00,2.705e+01,121,6.153e+01,-2.286e-02,1.309e-01,6.669e+00,1.748e+01,1,2
1000122,0,88,5.509e+01,6.850e-02,2.833e-02,6.061e+00,4.940e+00,28,5.913e+01,-6.212e-01,4.385e-01,6.061e+00,4.023e+00,1,2
1000123,0,88,5.513e+01,1.731e-01,2.833e-02,6.061e+00,1.398e+00,104,5.653e+01,1.378e-01,2.833e-02,6.165e+00,2.120e+01,0,2
1000126,0,70,5.661e+01,5.354e-02,-1.768e-01,5.957e+00,4.566e+01,102,6.153e+01,-7.612e-03,-1.767e-01,6.165e+00,7.862e+00,1,2
1000138,0,71,5.325e+01,-1.326e-01,-7.421e-02,5.957e+00,1.382e+01,70,5.356e+01,-1.329e-01,-1.768e-01,5.957e+00,1.458e+01,0,2
1000139,0,138,6.120e+01,2.091e-01,2.334e-01,6.773e+00,5.211e+01,261,7.336e+01,1.068e-02,-1.906e-01,8.122e+00,1.276e+01,1,2
1000142,0,104,5.624e+01,4.201e-02,2.833e-02,6.165e+00,1.408e+01,103,5.662e+01,8.158e-02,-7.421e-02,6.165e+00,1.413e+01,1,2
1000143,0,136,6.239e+01,-1.934e-02,2.833e-02,6.773e+00,3.026e+01,136,6.366e+01,-3.307e-01,2.833e-02,6.773e+00,2.687e+01,1,2
1000144,0,89,5.343e+01,8.743e-02,1.309e-01,6.061e+00,5.234e+01,120,5.878e+01,1.864e-01,2.833e-02,6.669e+00,4.866e+01,1,2
1000147,0,73,5.500e+01,-2.480e-02,1.309e-01,5.957e+00,8.255e+00,103,5.564e+01,-5.610e-02,-7.421e-02,6.165e+00,2.830e+01,1,2
1000151,0,72,5.601e+01,-6.045e-02,2.833e-02,5.957e+00,2.492e+01,266,8.303e+01,-1.041e-01,2.196e-01,8.939e+00,2.739e+01,1,2
1000152,0,72,5.128e+01,-1.643e-02,2.833e-02,5.957e+00,3.393e+01,88,5.300e+01,9.485e-03,2.833e-02,6.061e+00,2.790e+01,1,2
1000169,0,117,6.027e+01,-6.405e-02,-2.793e-01,6.669e+00,3.663e+01,118,6.048e+01,6.347e-02,-1.767e-01,6.669e+00,3.838e+01,1,2
1000170,0,104,5.808e+01,5.703e-02,2.833e-02,6.165e+00,6.622e+00,120,6.303e+01,4.621e-02,2.833e-02,6.669e+00,4.069e+01,1,2
1000171,0,71,5.958e+01,-1.625e-01,-7.421e-02,5.957e+00,2.138e+00,263,1.011e+02,1.040e-02,-7.568e-02,1.051e+01,2.993e+01,1,2
1000176,0,59,6.097e+01,8.107e-02,3.359e-01,6.773e+00,2.587e+01,266,7.304e+01,4.451e-02,2.196e-01,8.122e+00,4.983e+01,1,2
1000184,0,104,5.404e+01,-2.546e-02,2.833e-02,6.165e+00,2.352e+01,265,7.860e+01,8.380e-02,1.171e-01,8.835e+00,2.952e+00,1,2
1000186,0,73,5.343e+01,1.434e-02,1.309e-01,5.957e+00,3.193e+01,270,8.043e+01,4.914e-02,6.298e-01,8.835e+00,4.085e+01,1,2
1000187,0,71,5.759e+01,2.603e-02,-7.421e-02,5.957e+00,2.078e+01,86,6.704e+01,3.125e-01,-1.768e-01,6.061e+00,2.569e+00,0,2
1000189,0,258,8.195e+01,5.444e-01,-4.982e-01,8.835e+00,6.735e+00,260,1.050e+02,9.519e-01,-2.931e-01,8.226e+00,2.477e+00,0,2
1000191,0,88,5.298e+01,6.120e-04,2.833e-02,6.061e+00,1.601e+01,257,8.177e+01,-1.257e-01,-6.007e-01,8.122e+00,1.539e+00,0,2
1000192,0,87,5.408e+01,-1.389e-01,-7.421e-02,6.061e+00,2.408e+01,119,6.381e+01,3.319e-01,-7.421e-02,6.669e+00,2.032e+01,1,2
1000194,0,130,8.020e+01,3.220e-01,-5.869e-01,6.773e+00,3.428e+00,260,1.005e+02,9.594e-01,-3.833e-01,1.099e+01,5.016e+01,1,2
1000196,0,72,5.497e+01,-1.271e-01,2.833e-02,5.957e+00,1.377e+01,88,5.565e+01,-1.232e-01,2.833e-02,6.061e+00,2.057e+01,0,2
1000201,0,267,7.969e+01,-1.691e-01,3.221e-01,8.835e+00,4.261e+01,268,1.047e+02,-6.857e-01,4.370e-01,1.051e+01,7.728e+00,1,2
1000203,0,104,6.098e+01,1.046e-01,2.833e-02,6.165e+00,2.472e+01,103,6.172e+01,-2.408e-02,-7.421e-02,6.165e+00,2.204e+00,1,2
1000206,0,105,5.511e+01,-1.077e-01,1.309e-01,6.165e+00,2.163e+00,104,5.516e+01,-1.152e-01,2.833e-02,6.165e+00,2.667e+01,0,2
1000208,0,87,5.596e+01,9.051e-02,-7.421e-02,6.061e+00,3.353e+01,104,5.625e+01,1.331e-01,2.833e-02,6.165e+00,2.932e+01,1,2
1000210,0,86,6.287e+01,3.740e-02,-1.768e-01,6.061e+00,3.122e+00,116,7.053e+01,2.362e-01,-3.818e-01,6.669e+00,8.690e+00,0,2
1000212,0,71,5.562e+01,1.692e-01,-7.421e-02,5.957e+00,3.554e+01,71,5.593e+01,2.573e-01,-7.421e-02,5.957e+00,3.306e+00,1,2
1000215,0,71,5.598e+01,-2.319e-01,-7.421e-02,5.957e+00,3.758e+01,87,5.721e+01,-1.982e-01,-7.421e-02,6.061e+00,3.029e+01,1,2
1000216,0,65,5.921e+01,1.078e-01,-6.894e-01,5.957e+00,3.116e+00,44,7.287e+01,1.378e-02,4.385e-01,6.669e+00,3.582e+00,0,2
1000220,0,88,5.581e+01,-8.932e-02,2.833e-02,6.061e+00,3.178e+01,89,5.725e+01,-2.346e-01,1.309e-01,6.061e+00,3.554e+00,1,2
1000224,0,71,5.720e+01,3.130e-02,-7.421e-02,5.957e+00,1.621e+01,135,6.733e+01,5.534e-01,-7.421e-02,6.773e+00,2.482e+01,1,2
1000225,0,136,6.636e+01,-1.610e-01,2.833e-02,6.773e+00,2.200e+01,118,7.779e+01,-4.913e-01,-1.768e-01,6.669e+00,2.760e+00,1,2
1000230,0,89,5.920e+01,4.208e-03,1.309e-01,6.061e+00,1.097e+00,260,8.154e+01,4.331e-01,-2.931e-01,8.226e+00,2.464e+01,1,2
1000235,0,87,5.359e+01,9.675e-02,-7.421e-02,6.061e+00,1.254e+01,87,5.395e+01,9.889e-04,-7.421e-02,6.061e+00,9.217e+00,1,2
1000236,0,72,5.546e+01,-2.848e-02,2.833e-02,5.957e+00,1.046e+01,105,5.756e+01,-1.324e-01,1.309e-01,6.165e+00,3.515e+01,1,2
1000239,0,137,6.272e+01,-1.463e-01,1.309e-01,6.773e+00,1.002e+00,263,7.527e+01,-1.730e-02,-8.802e-02,8.122e+00,2.454e+01,1,2
1000240,0,71,5.013e+01,-2.095e-02,-7.421e-02,5.957e+00,3.902e+01,87,5.100e+01,-7.388e-03,-7.421e-02,6.061e+00,4.305e+01,1,2
1000246,0,120,6.153e+01,-2.463e-02,2.833e-02,6.669e+00,1.437e+01,264,7.514e+01,4.859e-01,1.452e-02,8.226e+00,1.469e+01,1,2
1000249,0,88,5.224e+01,-2.928e-03,2.833e-02,6.061e+00,3.983e+01,264,7.096e+01,-9.399e-01,1.452e-02,8.122e+00,3.965e+01,1,2
1000256,0,71,5.334e+01,1.031e-01,-7.421e-02,5.957e+00,2.319e+01,263,7.354e+01,2.036e-01,-8.802e-02,8.226e+00,3.771e+01,1,2
1000262,0,73,5.996e+01,1.925e-02,1.309e-01,5.957e+00,2.884e+01,265,8.219e+01,-5.646e-01,1.171e-01,8.122e+00,2.285e+01,1,2
1000263,0,87,5.466e+01,5.448e-03,-7.421e-02,6.061e+00,2.889e+01,102,5.705e+01,-3.784e-02,-1.768e-01,6.165e+00,9.787e+00,0,2
1000267,0,71,5.367e+01,-9.014e-02,-7.421e-02,5.957e+00,9.091e+00,88,5.532e+01,-8.817e-02,2.833e-02,6.061e+00,2.293e+01,1,2
1000268,0,88,5.984e+01,1.825e-01,2.833e-02,6.061e+00,1.485e+00,87,6.142e+01,2.973e-01,-7.421e-02,6.061e+00,3.045e+01,0,2
1000274,0,103,5.335e+01,-2.473e-02,-7.421e-02,6.165e+00,1.356e+01,122,6.184e+01,-5.461e-01,2.334e-01,6.669e+00,2.222e+01,0,2
1000275,0,106,5.395e+01,7.725e-02,2.334e-01,6.165e+00,2.661e+01,89,5.439e+01,8.021e-02,1.309e-01,6.061e+00,9.648e+00,0,2
1000277,0,86,5.582e+01,-7.390e-02,-1.768e-01,6.061e+00,2.395e+00,265,7.472e+01,-4.646e-01,1.171e-01,8.226e+00,1.226e+01,1,2
1000281,0,88,5.824e+01,-1.156e-01,2.833e-02,6.061e+00,4.595e+01,102,6.008e+01,-3.076e-01,-1.768e-01,6.165e+00,4.102e+00,1,2
1000288,0,72,5.710e+01,-1.280e-01,2.833e-02,5.957e+00,2.314e+01,72,5.720e+01,-1.058e-01,2.833e-02,5.957e+00,2.839e+01,1,2
1000296,0,105,5.308e+01,-2.907e-02,1.309e-01,6.165e+00,4.845e+01,136,5.823e+01,-4.648e-02,2.833e-02,6.773e+00,4.957e+00,1,2
1000297,0,266,7.792e+01,-2.513e-01,2.196e-01,8.939e+00,3.334e+01,267,1.019e+02,-9.659e-01,3.345e-01,1.041e+01,9.582e+00,0,2
1000298,0,89,5.380e+01,9.282e-02,1.309e-01,6.061e+00,9.123e+00,265,7.117e+01,1.418e-01,1.171e-01,8.226e+00,3.456e+01,1,2
1000300,0,72,5.448e+01,-7.333e-02,2.833e-02,5.957e+00,4.066e+01,103,5.602e+01,-1.324e-01,-7.421e-02,6.165e+00,4.957e+01,1,2
1000301,0,104,5.636e+01,-1.194e-01,2.833e-02,6.165e+00,1.621e+01,118,6.257e+01,-3.170e-01,-1.768e-01,6.669e+00,2.072e+01,0,2
1000302,0,86,6.141e+01,-1.146e-01,-1.768e-01,6.061e+00,4.879e+00,87,6.229e+01,-2.316e-03,-7.421e-02,6.061e+00,4.983e+00,1,2
1000306,0,71,5.752e+01,2.097e-01,-7.421e-02,5.957e+00,1.713e+01,135,6.604e+01,1.910e-01,-7.421e-02,6.773e+00,1.380e+01,1,2
1000314,0,88,5.622e+01,7.678e-02,2.833e-02,6.061e+00,8.761e+00,120,6.250e+01,9.311e-03,2.833e-02,6.669e+00,1.146e+01,1,2
1000320,0,72,5.543e+01,1.941e-01,2.833e-02,5.957e+00,1.798e+01,119,6.158e+01,1.790e-01,-7.421e-02,6.669e+00,2.425e+01,1,2
1000325,0,71,5.735e+01,-5.630e-03,-7.421e-02,5.957e+00,2.015e+01,265,7.942e+01,-2.808e-01,1.171e-01,8.122e+00,3.803e+01,1,2
1000326,0,72,5.363e+01,3.512e-02,2.833e-02,5.957e+00,3.120e+01,72,5.448e+01,-6.333e-02,2.833e-02,5.957e+00,3.782e+00,1,2
1000327,0,119,5.884e+01,-3.012e-02,-7.421e-02,6.669e+00,2.156e+01,134,6.242e+01,4.494e-02,-1.768e-01,6.773e+00,6.379e+00,0,2
1000328,0,136,6.385e+01,-1.469e-02,2.833e-02,6.773e+00,1.873e+01,105,8.452e+01,3.004e-01,1.309e-01,6.165e+00,1.819e+00,0,2
1000333,0,71,5.318e+01,-2.519e-02,-7.421e-02,5.957e+00,3.191e+01,268,7.492e+01,-9.888e-01,4.247e-01,8.226e+00,3.963e+01,1,2
1000337,0,103,5.468e+01,4.327e-02,-7.421e-02,6.165e+00,5.055e+01,68,5.594e+01,5.950e-02,-3.818e-01,5.957e+00,2.332e+00,0,2
1000338,0,121,6.169e+01,4.998e-02,1.309e-01,6.669e+00,2.644e+01,137,6.294e+01,6.705e-02,1.309e-01,6.773e+00,1.283e+01,1,2
1000345,0,73,5.312e+01,-4.675e-02,1.309e-01,5.957e+00,4.056e+01,44,6.222e+01,4.942e-01,4.385e-01,6.669e+00,3.461e+01,1,2
1000348,0,73,5.265e+01,-9.401e-02,1.309e-01,5.957e+00,2.403e+01,267,7.352e+01,-7.367e-02,3.221e-01,8.226e+00,3.436e+01,1,2
1000350,0,71,5.608e+01,1.589e-01,-7.421e-02,5.957e+00,3.397e+01,71,5.707e+01,7.222e-02,-7.421e-02,5.957e+00,2.214e+01,1,2
1000353,0,261,1.017e+02,2.467e-02,-2.808e-01,1.099e+01,2.164e+01,261,1.055e+02,-5.224e-02,-2.808e-01,1.109e+01,3.601e+00,0,2
1000354,0,87,5.364e+01,-1.059e-01,-7.421e-02,6.061e+00,3.992e+01,71,5.378e+01,5.064e-02,-7.421e-02,5.957e+00,2.474e+01,1,2
1000355,0,72,5.452e+01,4.740e-02,2.833e-02,5.957e+00,3.865e+01,119,6.190e+01,6.318e-03,-7.421e-02,6.669e+00,2.052e+01,1,2
1000357,0,73,6.020e+01,1.979e-01,1.309e-01,5.957e+00,2.047e+01,72,6.054e+01,2.776e-01,2.833e-02,5.957e+00,3.325e+00,1,2
1000360,0,72,5.569e+01,-8.956e-02,2.833e-02,5.957e+00,2.841e+01,71,5.750e+01,1.261e-01,-7.421e-02,5.957e+00,3.835e+00,1,2
1000362,0,103,5.564e+01,-2.413e-03,-7.421e-02,6.165e+00,2.928e+01,118,6.077e+01,4.224e-01,-1.768e-01,6.669e+00,3.185e+01,1,2
1000363,0,72,5.437e+01,1.352e-01,2.833e-02,5.957e+00,2.946e+01,60,6.269e+01,-1.997e-01,4.385e-01,6.773e+00,1.408e+01,1,2
1000370,0,87,5.537e+01,-6.789e-02,-7.421e-02,6.061e+00,4.618e+00,15,6.479e+01,1.139e-01,7.461e-01,5.957e+00,3.943e+00,1,2
1000374,0,72,5.399e+01,-1.755e-02,2.833e-02,5.957e+00,1.458e+01,261,7.361e+01,-5.374e-04,-1.906e-01,8.226e+00,4.398e+01,1,2
1000382,0,90,5.850e+01,1.010e-01,2.334e-01,6.061e+00,3.084e+01,137,6.467e+01,7.353e-02,1.309e-01,6.773e+00,2.735e+01,1,2
1000383,0,89,5.405e+01,6.903e-02,1.309e-01,6.061e+00,3.572e+01,103,5.424e+01,3.100e-02,-7.421e-02,6.165e+00,3.386e+00,0,2
1000384,0,104,5.523e+01,-7.743e-02,2.833e-02,6.165e+00,1.355e+01,266,7.554e+01,-3.085e-01,2.196e-01,8.226e+00,8.267e+00,1,2
1000387,0,65,6.554e+01,-1.511e-01,-6.895e-01,5.957e+00,1.153e+01,265,7.864e+01,4.313e-01,1.171e-01,8.122e+00,8.907e+00,1,2
1000402,0,138,6.657e+01,9.445e-03,2.334e-01,6.773e+00,3.168e+00,136,6.663e+01,1.131e-01,2.833e-02,6.773e+00,3.220e+00,0,2
1000406,0,88,5.596e+01,3.157e-02,2.833e-02,6.061e+00,1.021e+01,89,6.382e+01,-2.209e-01,1.309e-01,6.061e+00,2.494e+00,0,2
1000409,0,72,5.214e+01,-6.786e-02,2.833e-02,5.957e+00,2.519e+01,68,6.142e+01,1.350e-01,-3.818e-01,5.957e+00,4.657e+00,0,2
1000410,0,88,5.743e+01,1.671e-01,2.833e-02,6.061e+00,2.247e+00,13,6.496e+01,1.934e-02,5.410e-01,5.957e+00,6.319e+00,0,2
1000411,0,87,5.572e+01,-1.451e-01,-7.421e-02,6.061e+00,1.768e+01,85,6.022e+01,-2.222e-01,-2.793e-01,6.061e+00,2.699e+00,0,2
1000419,0,118,5.864e+01,1.425e-01,-1.768e-01,6.669e+00,2.309e+01,119,5.930e+01,1.466e-01,-7.421e-02,6.669e+00,4.535e+00,0,2
1000428,0,259,1.014e+02,3.949e-01,-4.858e-01,1.051e+01,2.953e+01,260,1.065e+02,3.046e-01,-3.833e-01,1.061e+01,6.114e+00,0,2
1000432,0,269,9.120e+01,1.375e-01,5.396e-01,1.041e+01,1.280e+01,269,9.291e+01,2.423e-01,5.396e-01,1.051e+01,1.475e+01,0,2
1000445,0,73,5.635e+01,-1.395e-01,1.309e-01,5.957e+00,4.022e+01,27,6.323e+01,-1.069e-01,3.359e-01,6.061e+00,1.777e+00,0,2
1000452,0,88,5.691e+01,3.556e-02,2.833e-02,6.061e+00,2.423e+01,89,5.728e+01,3.148e-02,1.309e-01,6.061e+00,1.262e+00,0,2
1000468,0,117,6.006e+01,-2.100e-01,-2.793e-01,6.669e+00,4.336e+01,118,6.157e+01,-1.840e-01,-1.768e-01,6.669e+00,1.055e+00,0,2
1000479,0,73,5.323e+01,1.043e-01,1.309e-01,5.957e+00,2.807e+00,107,5.873e+01,2.265e-01,3.359e-01,6.165e+00,2.872e+00,0,2
1000480,0,103,5.403e+01,-2.360e-02,-7.421e-02,6.165e+00,3.561e+01,117,6.356e+01,3.904e-01,-2.793e-01,6.669e+00,1.394e+00,0,2
1000487,0,88,5.342e+01,1.127e-01,2.833e-02,6.061e+00,3.023e+00,84,5.827e+01,2.914e-01,-3.818e-01,6.061e+00,5.846e+00,0,2
1000501,0,71,5.268e+01,5.696e-02,-7.421e-02,5.957e+00,1.439e+01,87,5.274e+01,5.735e-02,-7.421e-02,6.061e+00,4.108e+01,0,2
1000513,0,120,5.908e+01,4.261e-02,2.833e-02,6.669e+00,3.639e+01,121,5.957e+01,7.619e-02,1.309e-01,6.669e+00,1.761e+00,0,2
1000515,0,120,6.108e+01,-4.886e-02,2.833e-02,6.669e+00,2.441e+01,264,9.981e+01,-9.051e-02,1.452e-02,8.122e+00,1.572e+00,0,2
1000556,0,260,1.089e+02,9.469e-02,-3.833e-01,1.143e+01,9.582e+00,260,1.090e+02,9.346e-02,-3.833e-01,1.153e+01,1.223e+01,0,2
1000558,0,261,7.079e+01,3.537e-02,-1.906e-01,8.122e+00,3.028e+01,265,9.410e+01,-2.502e-01,1.171e-01,8.835e+00,2.407e+00,0,2
1000563,0,73,5.487e+01,-6.095e-02,1.309e-01,5.957e+00,3.521e+00,74,5.508e+01,-2.092e-01,2.334e-01,5.957e+00,7.985e+00,0,2
1000568,0,261,7.690e+01,1.246e-01,-1.906e-01,8.122e+00,1.112e+00,261,7.724e+01,1.112e-01,-1.906e-01,8.226e+00,2.708e+01,0,2
1000573,0,89,5.575e+01,6.193e-02,1.309e-01,6.061e+00,3.298e+01,88,5.621e+01,5.185e-02,2.833e-02,6.061e+00,1.123e+01,0,2
1000580,0,71,5.468e+01,1.443e-01,-7.421e-02,5.957e+00,1.303e+00,258,7.565e+01,4.730e-01,-4.982e-01,8.122e+00,1.935e+01,0,2
1000581,0,117,6.097e+01,-4.392e-01,-2.793e-01,6.669e+00,2.533e+01,268,8.264e+01,-5.413e-01,4.247e-01,8.122e+00,1.251e+00,0,2
1000605,0,265,7.382e+01,2.914e-01,1.171e-01,8.226e+00,4.585e+01,264,7.580e+01,2.883e-01,1.452e-02,8.226e+00,3.182e+00,0,2
1000606,0,263,9.736e+01,-1.320e-01,-7.568e-02,1.061e+01,1.001e+00,265,1.072e+02,2.466e-01,1.294e-01,1.163e+01,7.031e+00,0,2
1000607,0,121,6.142e+01,5.934e-02,1.309e-01,6.669e+00,2.208e+01,137,6.312e+01,-3.972e-02,1.309e-01,6.773e+00,1.176e+01,0,2
1000614,0,86,5.554e+01,1.502e-01,-1.768e-01,6.061e+00,5.364e+00,103,5.693e+01,1.859e-01,-7.421e-02,6.165e+00,2.258e+00,0,2
1000661,0,256,7.265e+01,2.363e-01,-7.033e-01,8.226e+00,4.634e+01,257,7.317e+01,2.450e-01,-6.007e-01,8.226e+00,4.158e+00,0,2
1000671,0,263,9.383e+01,1.670e-01,-7.568e-02,1.051e+01,2.236e+00,264,9.435e+01,1.147e-01,2.686e-02,1.051e+01,1.998e+00,0,2
1000690,0,261,8.221e+01,-3.054e-01,-1.906e-01,8.939e+00,1.796e+00,268,9.791e+01,-4.332e-01,4.370e-01,1.041e+01,3.270e+01,0,2
1000697,0,73,5.791e+01,-7.173e-02,1.309e-01,5.957e+00,3.097e+01,87,7.339e+01,-5.131e-01,-7.421e-02,6.061e+00,1.431e+00,0,2
1000715,0,260,7.664e+01,-2.558e-01,-2.931e-01,8.226e+00,5.660e+00,263,8.380e+01,-4.934e-01,-8.802e-02,8.835e+00,6.347e+00,0,2
1000733,0,137,6.624e+01,5.105e-02,1.309e-01,6.773e+00,1.239e+01,135,7.218e+01,1.749e-01,-7.421e-02,6.773e+00,1.227e+00,0,2
1000758,0,121,6.222e+01,-1.996e-01,1.309e-01,6.669e+00,1.694e+01,137,7.193e+01,1.784e-01,1.309e-01,6.773e+00,1.041e+00,0,2
1000761,0,73,5.311e+01,-9.901e-03,1.309e-01,5.957e+00,2.749e+01,89,5.356e+01,-1.267e-02,1.309e-01,6.061e+00,1.356e+01,0,2
1000771,0,266,7.573e+01,3.573e-02,2.196e-01,8.226e+00,3.529e+01,265,1.189e+02,3.441e-01,1.294e-01,1.041e+01,4.153e+00,0,2
1000834,0,105,5.471e+01,-4.207e-02,1.309e-01,6.165e+00,1.483e+01,90,5.776e+01,-5.906e-02,2.334e-01,6.061e+00,5.633e+00,0,2
1000835,0,88,5.644e+01,-6.640e-02,2.833e-02,6.061e+00,3.316e+01,117,6.875e+01,1.597e-01,-2.793e-01,6.669e+00,5.168e+00,0,2
1000842,0,103,5.572e+01,-3.878e-02,-7.421e-02,6.165e+00,3.172e+00,44,7.562e+01,-2.849e-01,4.385e-01,6.669e+00,2.893e+00,0,2
1000852,0,120,6.103e+01,1.223e-01,2.833e-02,6.669e+00,5.338e+00,27,6.237e+01,9.841e-02,3.359e-01,6.061e+00,3.801e+00,0,2
1000895,0,88,5.517e+01,-9.496e-02,2.833e-02,6.061e+00,4.645e+00,258,7.881e+01,2.159e-01,-4.982e-01,8.226e+00,2.558e+01,0,2
1000903,0,266,8.186e+01,3.510e-01,2.196e-01,8.226e+00,1.075e+00,266,8.261e+01,3.858e-01,2.196e-01,8.122e+00,3.269e+00,0,2
1000945,0,261,8.011e+01,-6.462e-02,-1.906e-01,8.835e+00,1.119e+01,263,8.145e+01,-2.248e-02,-8.802e-02,8.939e+00,1.357e+01,0,2
1000948,0,87,5.805e+01,-1.531e-01,-7.421e-02,6.061e+00,9.559e+00,103,5.941e+01,-1.539e-01,-7.421e-02,6.165e+00,1.565e+00,0,2
1000958,0,262,1.028e+02,-2.963e-01,-1.782e-01,1.041e+01,2.009e+01,263,1.049e+02,-3.244e-01,-7.568e-02,1.041e+01,1.769e+00,0,2
1000979,0,264,7.826e+01,4.265e-01,1.452e-02,8.939e+00,1.797e+01,263,7.855e+01,4.292e-01,-8.802e-02,8.939e+00,3.298e+00,0,2
1000988,0,104,6.507e+01,1.189e-01,2.833e-02,6.165e+00,1.823e+00,121,6.731e+01,6.249e-02,1.309e-01,6.669e+00,1.290e+01,0,2
1000996,0,264,7.424e+01,-2.907e-01,1.452e-02,8.122e+00,2.139e+00,264,7.465e+01,-2.806e-01,1.452e-02,8.226e+00,3.426e+01,0,2
1001003,0,268,7.994e+01,-4.346e-01,4.247e-01,8.122e+00,4.247e+00,269,8.002e+01,-5.174e-01,5.272e-01,8.122e+00,6.658e+00,0,2
1001022,0,104,6.245e+01,-1.466e-01,2.833e-02,6.165e+00,1.043e+01,45,7.432e+01,-6.318e-01,5.410e-01,6.669e+00,8.253e+00,0,2
1001048,0,71,5.627e+01,-5.754e-02,-7.421e-02,5.957e+00,1.258e+00,43,7.004e+01,-3.581e-01,3.359e-01,6.669e+00,9.789e+00,0,2
1001052,0,122,6.016e+01,1.714e-02,2.334e-01,6.669e+00,5.044e+00,43,6.026e+01,1.580e-02,3.360e-01,6.669e+00,1.963e+01,0,2
1001054,0,118,5.854e+01,-3.842e-02,-1.768e-01,6.669e+00,2.820e+01,264,9.174e+01,-4.700e-01,1.452e-02,8.226e+00,1.134e+00,0,2
1001069,0,88,5.859e+01,7.267e-02,2.833e-02,6.061e+00,2.155e+01,106,6.496e+01,1.653e-01,2.334e-01,6.165e+00,1.106e+00,0,2
1001107,0,265,8.185e+01,-8.357e-01,1.171e-01,8.226e+00,1.915e+01,265,1.013e+02,-9.737e-01,1.171e-01,8.939e+00,2.780e+00,0,2
1001121,0,259,1.108e+02,-1.859e-01,-4.858e-01,1.153e+01,2.685e+00,262,1.113e+02,-1.650e-01,-1.782e-01,1.153e+01,2.685e+01,0,2
1001125,0,72,5.290e+01,-1.161e-01,2.833e-02,5.957e+00,6.973e+00,89,5.421e+01,-1.094e-01,1.309e-01,6.061e+00,2.277e+00,0,2
1001131,0,135,5.894e+01,9.099e-02,-7.421e-02,6.773e+00,3.546e+00,263,7.260e+01,-1.812e-01,-8.802e-02,8.226e+00,4.614e+01,0,2
1001139,0,261,7.275e+01,3.219e-02,-1.906e-01,8.122e+00,2.581e+01,260,8.345e+01,-3.320e-01,-2.931e-01,8.122e+00,1.534e+00,0,2
1001140,0,261,7.427e+01,-1.417e-01,-1.906e-01,8.122e+00,2.419e+01,261,7.676e+01,-1.066e-01,-1.906e-01,8.226e+00,1.010e+00,0,2
1001163,0,104,5.656e+01,-5.871e-02,2.833e-02,6.165e+00,6.106e+00,103,5.706e+01,-5.468e-02,-7.421e-02,6.165e+00,2.311e+01,0,2
1001177,0,74,5.120e+01,3.410e-01,2.334e-01,5.957e+00,1.050e+01,120,5.827e+01,5.808e-01,2.833e-02,6.669e+00,3.086e+01,0,2
1001179,0,135,6.099e+01,8.294e-02,-7.421e-02,6.773e+00,1.232e+01,136,6.155e+01,8.013e-02,2.833e-02,6.773e+00,1.704e+01,0,2
1001183,0,59,6.258e+01,-1.239e-01,3.359e-01,6.773e+00,3.997e+00,103,7.223e+01,-2.552e-01,-7.421e-02,6.165e+00,1.849e+00,0,2
